{"id1":"Angry Dog","id2":"Lime Lynx","similarities":{"MAX":0.8095238095238095,"AVG":0.7534626038781164},"matches":[{"file1":"Angry Dog/Sociologia.java","file2":"Lime Lynx/Sociologia.java","start1":65,"end1":94,"start2":63,"end2":98,"tokens":35},{"file1":"Angry Dog/Sociologia.java","file2":"Lime Lynx/Sociologia.java","start1":116,"end1":129,"start2":130,"end2":154,"tokens":25},{"file1":"Angry Dog/Sociologia.java","file2":"Lime Lynx/Sociologia.java","start1":34,"end1":42,"start2":34,"end2":44,"tokens":15},{"file1":"Angry Dog/Sociologia.java","file2":"Lime Lynx/Sociologia.java","start1":53,"end1":63,"start2":47,"end2":58,"tokens":14},{"file1":"Angry Dog/Sociologia.java","file2":"Lime Lynx/Sociologia.java","start1":44,"end1":49,"start2":155,"end2":160,"tokens":13},{"file1":"Angry Dog/Sociologia.java","file2":"Lime Lynx/Sociologia.java","start1":95,"end1":103,"start2":114,"end2":125,"tokens":13},{"file1":"Angry Dog/Sociologia.java","file2":"Lime Lynx/Sociologia.java","start1":3,"end1":15,"start2":1,"end2":13,"tokens":12},{"file1":"Angry Dog/Sociologia.java","file2":"Lime Lynx/Sociologia.java","start1":17,"end1":24,"start2":15,"end2":24,"tokens":9}],"first_similarity":0.8095238095238095,"second_similarity":0.7046632124352331}