{"id1":"Beige Dog","id2":"Blue Koala","similarities":{"MAX":0.3419354838709677,"AVG":0.3202416918429003},"matches":[{"file1":"Beige Dog/Sociologia.java","file2":"Blue Koala/main.java","start1":134,"end1":144,"start2":166,"end2":177,"tokens":16},{"file1":"Beige Dog/Sociologia.java","file2":"Blue Koala/main.java","start1":116,"end1":122,"start2":120,"end2":126,"tokens":15},{"file1":"Beige Dog/Sociologia.java","file2":"Blue Koala/main.java","start1":85,"end1":93,"start2":98,"end2":107,"tokens":12},{"file1":"Beige Dog/Sociologia.java","file2":"Blue Koala/main.java","start1":70,"end1":77,"start2":110,"end2":116,"tokens":10}],"first_similarity":0.30113636363636365,"second_similarity":0.3419354838709677}