{"id1":"Beige Dog","id2":"Beige Giraffe","similarities":{"MAX":0.4166666666666667,"AVG":0.35714285714285715},"matches":[{"file1":"Beige Dog/Sociologia.java","file2":"Beige Giraffe/Sociologia.java","start1":131,"end1":144,"start2":109,"end2":122,"tokens":18},{"file1":"Beige Dog/Sociologia.java","file2":"Beige Giraffe/Sociologia.java","start1":116,"end1":122,"start2":84,"end2":91,"tokens":15},{"file1":"Beige Dog/Sociologia.java","file2":"Beige Giraffe/Sociologia.java","start1":85,"end1":93,"start2":127,"end2":137,"tokens":12},{"file1":"Beige Dog/Sociologia.java","file2":"Beige Giraffe/Sociologia.java","start1":70,"end1":77,"start2":140,"end2":148,"tokens":10}],"first_similarity":0.3125,"second_similarity":0.4166666666666667}