{"id1":"Beige Giraffe","id2":"Orange Giraffe","similarities":{"MAX":0.5606060606060606,"AVG":0.5342960288808665},"matches":[{"file1":"Beige Giraffe/Sociologia.java","file2":"Orange Giraffe/sociologia.java","start1":83,"end1":99,"start2":85,"end2":102,"tokens":23},{"file1":"Beige Giraffe/Sociologia.java","file2":"Orange Giraffe/sociologia.java","start1":110,"end1":121,"start2":110,"end2":119,"tokens":15},{"file1":"Beige Giraffe/Sociologia.java","file2":"Orange Giraffe/sociologia.java","start1":74,"end1":82,"start2":69,"end2":78,"tokens":13},{"file1":"Beige Giraffe/Sociologia.java","file2":"Orange Giraffe/sociologia.java","start1":146,"end1":153,"start2":145,"end2":152,"tokens":13},{"file1":"Beige Giraffe/Sociologia.java","file2":"Orange Giraffe/sociologia.java","start1":129,"end1":137,"start2":125,"end2":131,"tokens":10}],"first_similarity":0.5606060606060606,"second_similarity":0.5103448275862069}