{"id1":"Beige Lion","id2":"White Coyote","similarities":{"MAX":0.31451612903225806,"AVG":0.2582781456953642},"matches":[{"file1":"Beige Lion/Sociologia.java","file2":"White Coyote/Sociologia.java","start1":4,"end1":20,"start2":50,"end2":64,"tokens":18},{"file1":"Beige Lion/Sociologia.java","file2":"White Coyote/Sociologia.java","start1":21,"end1":28,"start2":66,"end2":72,"tokens":12},{"file1":"Beige Lion/Sociologia.java","file2":"White Coyote/Sociologia.java","start1":63,"end1":67,"start2":141,"end2":149,"tokens":9}],"first_similarity":0.31451612903225806,"second_similarity":0.21910112359550563}