{"id1":"Beige Lion","id2":"Black Lynx","similarities":{"MAX":0.31451612903225806,"AVG":0.2582781456953642},"matches":[{"file1":"Beige Lion/Sociologia.java","file2":"Black Lynx/Sociologia.java","start1":4,"end1":20,"start2":40,"end2":51,"tokens":18},{"file1":"Beige Lion/Sociologia.java","file2":"Black Lynx/Sociologia.java","start1":21,"end1":28,"start2":53,"end2":58,"tokens":12},{"file1":"Beige Lion/Sociologia.java","file2":"Black Lynx/Sociologia.java","start1":63,"end1":67,"start2":118,"end2":126,"tokens":9}],"first_similarity":0.31451612903225806,"second_similarity":0.21910112359550563}