{"id1":"Beige Dog","id2":"Purple Giraffe","similarities":{"MAX":0.45390070921985815,"AVG":0.4037854889589905},"matches":[{"file1":"Beige Dog/Sociologia.java","file2":"Purple Giraffe/soc.java","start1":130,"end1":144,"start2":109,"end2":124,"tokens":20},{"file1":"Beige Dog/Sociologia.java","file2":"Purple Giraffe/soc.java","start1":85,"end1":93,"start2":155,"end2":165,"tokens":12},{"file1":"Beige Dog/Sociologia.java","file2":"Purple Giraffe/soc.java","start1":116,"end1":120,"start2":92,"end2":97,"tokens":12},{"file1":"Beige Dog/Sociologia.java","file2":"Purple Giraffe/soc.java","start1":70,"end1":78,"start2":169,"end2":178,"tokens":11},{"file1":"Beige Dog/Sociologia.java","file2":"Purple Giraffe/soc.java","start1":110,"end1":114,"start2":80,"end2":84,"tokens":9}],"first_similarity":0.36363636363636365,"second_similarity":0.45390070921985815}