{"id1":"Beige Dog","id2":"Black Mallard","similarities":{"MAX":0.4166666666666667,"AVG":0.35714285714285715},"matches":[{"file1":"Beige Dog/Sociologia.java","file2":"Black Mallard/Sociologia.java","start1":131,"end1":144,"start2":111,"end2":124,"tokens":18},{"file1":"Beige Dog/Sociologia.java","file2":"Black Mallard/Sociologia.java","start1":116,"end1":122,"start2":86,"end2":93,"tokens":15},{"file1":"Beige Dog/Sociologia.java","file2":"Black Mallard/Sociologia.java","start1":85,"end1":93,"start2":129,"end2":139,"tokens":12},{"file1":"Beige Dog/Sociologia.java","file2":"Black Mallard/Sociologia.java","start1":70,"end1":77,"start2":142,"end2":150,"tokens":10}],"first_similarity":0.3125,"second_similarity":0.4166666666666667}