{"id1":"Beige Giraffe","id2":"Gray Tiger","similarities":{"MAX":0.4961832061068702,"AVG":0.49429657794676807},"matches":[{"file1":"Beige Giraffe/Sociologia.java","file2":"Gray Tiger/main.java","start1":123,"end1":137,"start2":91,"end2":104,"tokens":22},{"file1":"Beige Giraffe/Sociologia.java","file2":"Gray Tiger/main.java","start1":140,"end1":151,"start2":107,"end2":117,"tokens":16},{"file1":"Beige Giraffe/Sociologia.java","file2":"Gray Tiger/main.java","start1":84,"end1":91,"start2":126,"end2":133,"tokens":14},{"file1":"Beige Giraffe/Sociologia.java","file2":"Gray Tiger/main.java","start1":111,"end1":122,"start2":149,"end2":160,"tokens":13}],"first_similarity":0.49242424242424243,"second_similarity":0.4961832061068702}