{"id1":"Beige Dog","id2":"Brown Koala","similarities":{"MAX":0.23863636363636365,"AVG":0.21265822784810126},"matches":[{"file1":"Beige Dog/Sociologia.java","file2":"Brown Koala/Sociologia.java","start1":68,"end1":75,"start2":51,"end2":59,"tokens":12},{"file1":"Beige Dog/Sociologia.java","file2":"Brown Koala/Sociologia.java","start1":83,"end1":89,"start2":39,"end2":45,"tokens":11},{"file1":"Beige Dog/Sociologia.java","file2":"Brown Koala/Sociologia.java","start1":117,"end1":120,"start2":115,"end2":118,"tokens":10},{"file1":"Beige Dog/Sociologia.java","file2":"Brown Koala/Sociologia.java","start1":109,"end1":113,"start2":108,"end2":111,"tokens":9}],"first_similarity":0.23863636363636365,"second_similarity":0.1917808219178082}