{"id1":"Beige Dog","id2":"Orange Giraffe","similarities":{"MAX":0.2689655172413793,"AVG":0.24299065420560748},"matches":[{"file1":"Beige Dog/Sociologia.java","file2":"Orange Giraffe/sociologia.java","start1":116,"end1":122,"start2":86,"end2":94,"tokens":15},{"file1":"Beige Dog/Sociologia.java","file2":"Orange Giraffe/sociologia.java","start1":134,"end1":143,"start2":110,"end2":119,"tokens":15},{"file1":"Beige Dog/Sociologia.java","file2":"Orange Giraffe/sociologia.java","start1":87,"end1":93,"start2":125,"end2":130,"tokens":9}],"first_similarity":0.2215909090909091,"second_similarity":0.2689655172413793}