{"id1":"Beige Dog","id2":"Gray Tiger","similarities":{"MAX":0.3969465648854962,"AVG":0.33876221498371334},"matches":[{"file1":"Beige Dog/Sociologia.java","file2":"Gray Tiger/main.java","start1":116,"end1":125,"start2":126,"end2":136,"tokens":17},{"file1":"Beige Dog/Sociologia.java","file2":"Gray Tiger/main.java","start1":135,"end1":144,"start2":149,"end2":160,"tokens":13},{"file1":"Beige Dog/Sociologia.java","file2":"Gray Tiger/main.java","start1":85,"end1":93,"start2":96,"end2":104,"tokens":12},{"file1":"Beige Dog/Sociologia.java","file2":"Gray Tiger/main.java","start1":70,"end1":77,"start2":107,"end2":113,"tokens":10}],"first_similarity":0.29545454545454547,"second_similarity":0.3969465648854962}