{"id1":"Beige Giraffe","id2":"Purple Giraffe","similarities":{"MAX":0.6439393939393939,"AVG":0.6227106227106227},"matches":[{"file1":"Beige Giraffe/Sociologia.java","file2":"Purple Giraffe/soc.java","start1":123,"end1":137,"start2":150,"end2":165,"tokens":22},{"file1":"Beige Giraffe/Sociologia.java","file2":"Purple Giraffe/soc.java","start1":77,"end1":89,"start2":84,"end2":97,"tokens":20},{"file1":"Beige Giraffe/Sociologia.java","file2":"Purple Giraffe/soc.java","start1":109,"end1":122,"start2":111,"end2":123,"tokens":18},{"file1":"Beige Giraffe/Sociologia.java","file2":"Purple Giraffe/soc.java","start1":90,"end1":100,"start2":132,"end2":143,"tokens":13},{"file1":"Beige Giraffe/Sociologia.java","file2":"Purple Giraffe/soc.java","start1":140,"end1":148,"start2":169,"end2":177,"tokens":12}],"first_similarity":0.6439393939393939,"second_similarity":0.6028368794326241}