{"id1":"Beige Giraffe","id2":"Blue Koala","similarities":{"MAX":0.6818181818181818,"AVG":0.627177700348432},"matches":[{"file1":"Beige Giraffe/Sociologia.java","file2":"Blue Koala/main.java","start1":123,"end1":151,"start2":93,"end2":119,"tokens":39},{"file1":"Beige Giraffe/Sociologia.java","file2":"Blue Koala/main.java","start1":83,"end1":99,"start2":119,"end2":134,"tokens":24},{"file1":"Beige Giraffe/Sociologia.java","file2":"Blue Koala/main.java","start1":110,"end1":122,"start2":166,"end2":177,"tokens":16},{"file1":"Beige Giraffe/Sociologia.java","file2":"Blue Koala/main.java","start1":152,"end1":159,"start2":135,"end2":142,"tokens":11}],"first_similarity":0.6818181818181818,"second_similarity":0.5806451612903226}