{"id1":"Black Mallard","id2":"Purple Giraffe","similarities":{"MAX":0.6439393939393939,"AVG":0.6227106227106227},"matches":[{"file1":"Black Mallard/Sociologia.java","file2":"Purple Giraffe/soc.java","start1":125,"end1":139,"start2":150,"end2":165,"tokens":22},{"file1":"Black Mallard/Sociologia.java","file2":"Purple Giraffe/soc.java","start1":79,"end1":91,"start2":84,"end2":97,"tokens":20},{"file1":"Black Mallard/Sociologia.java","file2":"Purple Giraffe/soc.java","start1":111,"end1":124,"start2":111,"end2":123,"tokens":18},{"file1":"Black Mallard/Sociologia.java","file2":"Purple Giraffe/soc.java","start1":92,"end1":102,"start2":132,"end2":143,"tokens":13},{"file1":"Black Mallard/Sociologia.java","file2":"Purple Giraffe/soc.java","start1":142,"end1":150,"start2":169,"end2":177,"tokens":12}],"first_similarity":0.6439393939393939,"second_similarity":0.6028368794326241}