{"id1":"Black Fish","id2":"Beige Dog","similarities":{"MAX":0.2857142857142857,"AVG":0.2459546925566343},"matches":[{"file1":"Black Fish/soci.java","file2":"Beige Dog/Sociologia.java","start1":43,"end1":53,"start2":117,"end2":125,"tokens":16},{"file1":"Black Fish/soci.java","file2":"Beige Dog/Sociologia.java","start1":84,"end1":98,"start2":72,"end2":82,"tokens":12},{"file1":"Black Fish/soci.java","file2":"Beige Dog/Sociologia.java","start1":37,"end1":41,"start2":27,"end2":31,"tokens":10}],"first_similarity":0.2857142857142857,"second_similarity":0.2159090909090909}