{"id1":"Black Mallard","id2":"Gray Tiger","similarities":{"MAX":0.4961832061068702,"AVG":0.49429657794676807},"matches":[{"file1":"Black Mallard/Sociologia.java","file2":"Gray Tiger/main.java","start1":125,"end1":139,"start2":91,"end2":104,"tokens":22},{"file1":"Black Mallard/Sociologia.java","file2":"Gray Tiger/main.java","start1":142,"end1":153,"start2":107,"end2":117,"tokens":16},{"file1":"Black Mallard/Sociologia.java","file2":"Gray Tiger/main.java","start1":86,"end1":93,"start2":126,"end2":133,"tokens":14},{"file1":"Black Mallard/Sociologia.java","file2":"Gray Tiger/main.java","start1":113,"end1":124,"start2":149,"end2":160,"tokens":13}],"first_similarity":0.49242424242424243,"second_similarity":0.4961832061068702}