{"id1":"Black Fish","id2":"Brown Panther","similarities":{"MAX":0.45864661654135336,"AVG":0.4053156146179402},"matches":[{"file1":"Black Fish/soci.java","file2":"Brown Panther/NegElec_oje.java","start1":43,"end1":62,"start2":43,"end2":61,"tokens":29},{"file1":"Black Fish/soci.java","file2":"Brown Panther/NegElec_oje.java","start1":1,"end1":20,"start2":3,"end2":18,"tokens":17},{"file1":"Black Fish/soci.java","file2":"Brown Panther/NegElec_oje.java","start1":77,"end1":88,"start2":99,"end2":109,"tokens":15}],"first_similarity":0.45864661654135336,"second_similarity":0.3630952380952381}