{"id1":"Black Mallard","id2":"Blue Koala","similarities":{"MAX":0.6818181818181818,"AVG":0.627177700348432},"matches":[{"file1":"Black Mallard/Sociologia.java","file2":"Blue Koala/main.java","start1":125,"end1":153,"start2":93,"end2":119,"tokens":39},{"file1":"Black Mallard/Sociologia.java","file2":"Blue Koala/main.java","start1":85,"end1":101,"start2":119,"end2":134,"tokens":24},{"file1":"Black Mallard/Sociologia.java","file2":"Blue Koala/main.java","start1":112,"end1":124,"start2":166,"end2":177,"tokens":16},{"file1":"Black Mallard/Sociologia.java","file2":"Blue Koala/main.java","start1":154,"end1":161,"start2":135,"end2":142,"tokens":11}],"first_similarity":0.6818181818181818,"second_similarity":0.5806451612903226}