{"id1":"Black Fish","id2":"Yellow Fish","similarities":{"MAX":0.2857142857142857,"AVG":0.2704626334519573},"matches":[{"file1":"Black Fish/soci.java","file2":"Yellow Fish/ProblemaF4.java","start1":54,"end1":63,"start2":64,"end2":75,"tokens":15},{"file1":"Black Fish/soci.java","file2":"Yellow Fish/ProblemaF4.java","start1":88,"end1":102,"start2":107,"end2":118,"tokens":14},{"file1":"Black Fish/soci.java","file2":"Yellow Fish/ProblemaF4.java","start1":27,"end1":34,"start2":27,"end2":36,"tokens":9}],"first_similarity":0.2857142857142857,"second_similarity":0.25675675675675674}