{"id1":"Black Fish","id2":"Green Giraffe","similarities":{"MAX":0.3684210526315789,"AVG":0.3462897526501767},"matches":[{"file1":"Black Fish/soci.java","file2":"Green Giraffe/Sociologia.java","start1":41,"end1":53,"start2":120,"end2":132,"tokens":19},{"file1":"Black Fish/soci.java","file2":"Green Giraffe/Sociologia.java","start1":26,"end1":35,"start2":4,"end2":12,"tokens":11},{"file1":"Black Fish/soci.java","file2":"Green Giraffe/Sociologia.java","start1":57,"end1":63,"start2":37,"end2":44,"tokens":10},{"file1":"Black Fish/soci.java","file2":"Green Giraffe/Sociologia.java","start1":4,"end1":13,"start2":19,"end2":27,"tokens":9}],"first_similarity":0.3684210526315789,"second_similarity":0.32666666666666666}