{"id1":"Black Mallard","id2":"Orange Giraffe","similarities":{"MAX":0.5606060606060606,"AVG":0.5342960288808665},"matches":[{"file1":"Black Mallard/Sociologia.java","file2":"Orange Giraffe/sociologia.java","start1":85,"end1":101,"start2":85,"end2":102,"tokens":23},{"file1":"Black Mallard/Sociologia.java","file2":"Orange Giraffe/sociologia.java","start1":112,"end1":123,"start2":110,"end2":119,"tokens":15},{"file1":"Black Mallard/Sociologia.java","file2":"Orange Giraffe/sociologia.java","start1":76,"end1":84,"start2":69,"end2":78,"tokens":13},{"file1":"Black Mallard/Sociologia.java","file2":"Orange Giraffe/sociologia.java","start1":148,"end1":155,"start2":145,"end2":152,"tokens":13},{"file1":"Black Mallard/Sociologia.java","file2":"Orange Giraffe/sociologia.java","start1":131,"end1":139,"start2":125,"end2":131,"tokens":10}],"first_similarity":0.5606060606060606,"second_similarity":0.5103448275862069}