{"id1":"Black Fish","id2":"Angry Fish","similarities":{"MAX":0.45864661654135336,"AVG":0.4053156146179402},"matches":[{"file1":"Black Fish/soci.java","file2":"Angry Fish/Sociologia.java","start1":43,"end1":62,"start2":42,"end2":60,"tokens":29},{"file1":"Black Fish/soci.java","file2":"Angry Fish/Sociologia.java","start1":1,"end1":20,"start2":3,"end2":18,"tokens":17},{"file1":"Black Fish/soci.java","file2":"Angry Fish/Sociologia.java","start1":77,"end1":88,"start2":98,"end2":108,"tokens":15}],"first_similarity":0.45864661654135336,"second_similarity":0.3630952380952381}