{"id1":"Black Dolphin","id2":"Purple Giraffe","similarities":{"MAX":0.2553191489361702,"AVG":0.21238938053097345},"matches":[{"file1":"Black Dolphin/Sociologia.java","file2":"Purple Giraffe/soc.java","start1":45,"end1":55,"start2":112,"end2":123,"tokens":16},{"file1":"Black Dolphin/Sociologia.java","file2":"Purple Giraffe/soc.java","start1":3,"end1":8,"start2":78,"end2":83,"tokens":10},{"file1":"Black Dolphin/Sociologia.java","file2":"Purple Giraffe/soc.java","start1":13,"end1":17,"start2":90,"end2":95,"tokens":10}],"first_similarity":0.18181818181818182,"second_similarity":0.2553191489361702}