{"id1":"Black Fish","id2":"Purple Dolphin","similarities":{"MAX":0.2857142857142857,"AVG":0.23974763406940064},"matches":[{"file1":"Black Fish/soci.java","file2":"Purple Dolphin/Sociologia.java","start1":40,"end1":46,"start2":57,"end2":63,"tokens":15},{"file1":"Black Fish/soci.java","file2":"Purple Dolphin/Sociologia.java","start1":52,"end1":61,"start2":79,"end2":88,"tokens":14},{"file1":"Black Fish/soci.java","file2":"Purple Dolphin/Sociologia.java","start1":28,"end1":35,"start2":4,"end2":13,"tokens":9}],"first_similarity":0.2857142857142857,"second_similarity":0.20652173913043478}