{"id1":"Blue Antelope","id2":"Lime Lynx","similarities":{"MAX":0.8083832335329342,"AVG":0.75},"matches":[{"file1":"Blue Antelope/sociologia.java","file2":"Lime Lynx/Sociologia.java","start1":67,"end1":97,"start2":63,"end2":98,"tokens":35},{"file1":"Blue Antelope/sociologia.java","file2":"Lime Lynx/Sociologia.java","start1":120,"end1":136,"start2":130,"end2":154,"tokens":25},{"file1":"Blue Antelope/sociologia.java","file2":"Lime Lynx/Sociologia.java","start1":33,"end1":43,"start2":34,"end2":44,"tokens":15},{"file1":"Blue Antelope/sociologia.java","file2":"Lime Lynx/Sociologia.java","start1":54,"end1":65,"start2":47,"end2":58,"tokens":14},{"file1":"Blue Antelope/sociologia.java","file2":"Lime Lynx/Sociologia.java","start1":45,"end1":50,"start2":155,"end2":160,"tokens":13},{"file1":"Blue Antelope/sociologia.java","file2":"Lime Lynx/Sociologia.java","start1":98,"end1":107,"start2":114,"end2":125,"tokens":13},{"file1":"Blue Antelope/sociologia.java","file2":"Lime Lynx/Sociologia.java","start1":1,"end1":12,"start2":2,"end2":13,"tokens":11},{"file1":"Blue Antelope/sociologia.java","file2":"Lime Lynx/Sociologia.java","start1":14,"end1":23,"start2":15,"end2":24,"tokens":9}],"first_similarity":0.8083832335329342,"second_similarity":0.6994818652849741}