{"id1":"Blue Tiger","id2":"Beige Giraffe","similarities":{"MAX":0.43333333333333335,"AVG":0.4126984126984127},"matches":[{"file1":"Blue Tiger/E2.java","file2":"Beige Giraffe/Sociologia.java","start1":81,"end1":90,"start2":82,"end2":93,"tokens":20},{"file1":"Blue Tiger/E2.java","file2":"Beige Giraffe/Sociologia.java","start1":93,"end1":98,"start2":122,"end2":127,"tokens":11},{"file1":"Blue Tiger/E2.java","file2":"Beige Giraffe/Sociologia.java","start1":134,"end1":139,"start2":148,"end2":153,"tokens":11},{"file1":"Blue Tiger/E2.java","file2":"Beige Giraffe/Sociologia.java","start1":104,"end1":109,"start2":96,"end2":101,"tokens":10}],"first_similarity":0.43333333333333335,"second_similarity":0.3939393939393939}