{"id1":"Blue Tiger","id2":"Purple Giraffe","similarities":{"MAX":0.36666666666666664,"AVG":0.3371647509578544},"matches":[{"file1":"Blue Tiger/E2.java","file2":"Purple Giraffe/soc.java","start1":81,"end1":86,"start2":90,"end2":97,"tokens":15},{"file1":"Blue Tiger/E2.java","file2":"Purple Giraffe/soc.java","start1":72,"end1":76,"start2":78,"end2":83,"tokens":10},{"file1":"Blue Tiger/E2.java","file2":"Purple Giraffe/soc.java","start1":94,"end1":98,"start2":150,"end2":155,"tokens":10},{"file1":"Blue Tiger/E2.java","file2":"Purple Giraffe/soc.java","start1":120,"end1":125,"start2":109,"end2":117,"tokens":9}],"first_similarity":0.36666666666666664,"second_similarity":0.3120567375886525}