{"id1":"Brown Eagle","id2":"Lime Lynx","similarities":{"MAX":0.8095238095238095,"AVG":0.7534626038781164},"matches":[{"file1":"Brown Eagle/Sociologia.java","file2":"Lime Lynx/Sociologia.java","start1":64,"end1":93,"start2":63,"end2":98,"tokens":35},{"file1":"Brown Eagle/Sociologia.java","file2":"Lime Lynx/Sociologia.java","start1":115,"end1":128,"start2":130,"end2":154,"tokens":25},{"file1":"Brown Eagle/Sociologia.java","file2":"Lime Lynx/Sociologia.java","start1":33,"end1":41,"start2":34,"end2":44,"tokens":15},{"file1":"Brown Eagle/Sociologia.java","file2":"Lime Lynx/Sociologia.java","start1":52,"end1":62,"start2":47,"end2":58,"tokens":14},{"file1":"Brown Eagle/Sociologia.java","file2":"Lime Lynx/Sociologia.java","start1":43,"end1":48,"start2":155,"end2":160,"tokens":13},{"file1":"Brown Eagle/Sociologia.java","file2":"Lime Lynx/Sociologia.java","start1":94,"end1":102,"start2":114,"end2":125,"tokens":13},{"file1":"Brown Eagle/Sociologia.java","file2":"Lime Lynx/Sociologia.java","start1":2,"end1":14,"start2":1,"end2":13,"tokens":12},{"file1":"Brown Eagle/Sociologia.java","file2":"Lime Lynx/Sociologia.java","start1":16,"end1":23,"start2":15,"end2":24,"tokens":9}],"first_similarity":0.8095238095238095,"second_similarity":0.7046632124352331}