{"id1":"Brown Fox","id2":"Lime Lynx","similarities":{"MAX":0.35333333333333333,"AVG":0.30903790087463556},"matches":[{"file1":"Brown Fox/Sociologia.java","file2":"Lime Lynx/Sociologia.java","start1":98,"end1":117,"start2":133,"end2":153,"tokens":19},{"file1":"Brown Fox/Sociologia.java","file2":"Lime Lynx/Sociologia.java","start1":122,"end1":129,"start2":155,"end2":160,"tokens":13},{"file1":"Brown Fox/Sociologia.java","file2":"Lime Lynx/Sociologia.java","start1":4,"end1":13,"start2":5,"end2":14,"tokens":11},{"file1":"Brown Fox/Sociologia.java","file2":"Lime Lynx/Sociologia.java","start1":19,"end1":27,"start2":24,"end2":32,"tokens":10}],"first_similarity":0.35333333333333333,"second_similarity":0.27461139896373055}