{"id1":"Cyan Antelope","id2":"Beige Dog","similarities":{"MAX":0.3151515151515151,"AVG":0.30498533724340177},"matches":[{"file1":"Cyan Antelope/sociologo.java","file2":"Beige Dog/Sociologia.java","start1":97,"end1":105,"start2":113,"end2":118,"tokens":14},{"file1":"Cyan Antelope/sociologo.java","file2":"Beige Dog/Sociologia.java","start1":108,"end1":117,"start2":119,"end2":125,"tokens":11},{"file1":"Cyan Antelope/sociologo.java","file2":"Beige Dog/Sociologia.java","start1":28,"end1":33,"start2":70,"end2":75,"tokens":9},{"file1":"Cyan Antelope/sociologo.java","file2":"Beige Dog/Sociologia.java","start1":45,"end1":51,"start2":97,"end2":101,"tokens":9},{"file1":"Cyan Antelope/sociologo.java","file2":"Beige Dog/Sociologia.java","start1":80,"end1":88,"start2":137,"end2":143,"tokens":9}],"first_similarity":0.3151515151515151,"second_similarity":0.29545454545454547}