{"id1":"Cyan Kangaroo","id2":"Angry Dog","similarities":{"MAX":0.23529411764705882,"AVG":0.22429906542056074},"matches":[{"file1":"Cyan Kangaroo/Sociologia.java","file2":"Angry Dog/Sociologia.java","start1":78,"end1":86,"start2":44,"end2":52,"tokens":16},{"file1":"Cyan Kangaroo/Sociologia.java","file2":"Angry Dog/Sociologia.java","start1":1,"end1":12,"start2":4,"end2":14,"tokens":10},{"file1":"Cyan Kangaroo/Sociologia.java","file2":"Angry Dog/Sociologia.java","start1":53,"end1":62,"start2":118,"end2":125,"tokens":10}],"first_similarity":0.23529411764705882,"second_similarity":0.21428571428571427}