{"id1":"Cyan Dolphin","id2":"Green Panther","similarities":{"MAX":0.23529411764705882,"AVG":0.22429906542056074},"matches":[{"file1":"Cyan Dolphin/Sociologia.java","file2":"Green Panther/Sociologia.java","start1":78,"end1":86,"start2":42,"end2":50,"tokens":16},{"file1":"Cyan Dolphin/Sociologia.java","file2":"Green Panther/Sociologia.java","start1":1,"end1":12,"start2":2,"end2":12,"tokens":10},{"file1":"Cyan Dolphin/Sociologia.java","file2":"Green Panther/Sociologia.java","start1":53,"end1":62,"start2":116,"end2":123,"tokens":10}],"first_similarity":0.23529411764705882,"second_similarity":0.21428571428571427}