{"id1":"Cyan Kangaroo","id2":"Blue Antelope","similarities":{"MAX":0.23529411764705882,"AVG":0.225},"matches":[{"file1":"Cyan Kangaroo/Sociologia.java","file2":"Blue Antelope/sociologia.java","start1":78,"end1":86,"start2":45,"end2":53,"tokens":16},{"file1":"Cyan Kangaroo/Sociologia.java","file2":"Blue Antelope/sociologia.java","start1":1,"end1":12,"start2":1,"end2":11,"tokens":10},{"file1":"Cyan Kangaroo/Sociologia.java","file2":"Blue Antelope/sociologia.java","start1":53,"end1":62,"start2":124,"end2":132,"tokens":10}],"first_similarity":0.23529411764705882,"second_similarity":0.2155688622754491}