{"id1":"Gray Panther","id2":"Purple Fish","similarities":{"MAX":0.3543307086614173,"AVG":0.34220532319391633},"matches":[{"file1":"Gray Panther/pa.java","file2":"Purple Fish/Sociologia.java","start1":20,"end1":25,"start2":91,"end2":97,"tokens":14},{"file1":"Gray Panther/pa.java","file2":"Purple Fish/Sociologia.java","start1":64,"end1":68,"start2":83,"end2":87,"tokens":11},{"file1":"Gray Panther/pa.java","file2":"Purple Fish/Sociologia.java","start1":33,"end1":38,"start2":58,"end2":67,"tokens":10},{"file1":"Gray Panther/pa.java","file2":"Purple Fish/Sociologia.java","start1":54,"end1":59,"start2":111,"end2":118,"tokens":10}],"first_similarity":0.3543307086614173,"second_similarity":0.33088235294117646}