{"id1":"Gray Tiger","id2":"Orange Giraffe","similarities":{"MAX":0.3511450381679389,"AVG":0.3333333333333333},"matches":[{"file1":"Gray Tiger/main.java","file2":"Orange Giraffe/sociologia.java","start1":126,"end1":133,"start2":86,"end2":94,"tokens":14},{"file1":"Gray Tiger/main.java","file2":"Orange Giraffe/sociologia.java","start1":149,"end1":159,"start2":111,"end2":119,"tokens":12},{"file1":"Gray Tiger/main.java","file2":"Orange Giraffe/sociologia.java","start1":98,"end1":105,"start2":125,"end2":132,"tokens":11},{"file1":"Gray Tiger/main.java","file2":"Orange Giraffe/sociologia.java","start1":109,"end1":115,"start2":135,"end2":143,"tokens":9}],"first_similarity":0.3511450381679389,"second_similarity":0.31724137931034485}