{"id1":"Gray Tiger","id2":"Blue Koala","similarities":{"MAX":0.7633587786259542,"AVG":0.6993006993006993},"matches":[{"file1":"Gray Tiger/main.java","file2":"Blue Koala/main.java","start1":78,"end1":104,"start2":80,"end2":107,"tokens":45},{"file1":"Gray Tiger/main.java","file2":"Blue Koala/main.java","start1":149,"end1":165,"start2":167,"end2":182,"tokens":16},{"file1":"Gray Tiger/main.java","file2":"Blue Koala/main.java","start1":107,"end1":117,"start2":110,"end2":119,"tokens":15},{"file1":"Gray Tiger/main.java","file2":"Blue Koala/main.java","start1":126,"end1":133,"start2":120,"end2":126,"tokens":14},{"file1":"Gray Tiger/main.java","file2":"Blue Koala/main.java","start1":139,"end1":144,"start2":161,"end2":165,"tokens":10}],"first_similarity":0.7633587786259542,"second_similarity":0.6451612903225806}