{"id1":"Gray Panther","id2":"Beige Dog","similarities":{"MAX":0.3543307086614173,"AVG":0.297029702970297},"matches":[{"file1":"Gray Panther/pa.java","file2":"Beige Dog/Sociologia.java","start1":20,"end1":25,"start2":117,"end2":123,"tokens":14},{"file1":"Gray Panther/pa.java","file2":"Beige Dog/Sociologia.java","start1":64,"end1":68,"start2":108,"end2":113,"tokens":11},{"file1":"Gray Panther/pa.java","file2":"Beige Dog/Sociologia.java","start1":33,"end1":38,"start2":86,"end2":93,"tokens":10},{"file1":"Gray Panther/pa.java","file2":"Beige Dog/Sociologia.java","start1":54,"end1":59,"start2":137,"end2":144,"tokens":10}],"first_similarity":0.3543307086614173,"second_similarity":0.2556818181818182}