{"id1":"Gray Wolf","id2":"Beige Dog","similarities":{"MAX":0.28205128205128205,"AVG":0.22525597269624573},"matches":[{"file1":"Gray Wolf/Sociologia.java","file2":"Beige Dog/Sociologia.java","start1":37,"end1":45,"start2":117,"end2":125,"tokens":14},{"file1":"Gray Wolf/Sociologia.java","file2":"Beige Dog/Sociologia.java","start1":31,"end1":35,"start2":27,"end2":31,"tokens":10},{"file1":"Gray Wolf/Sociologia.java","file2":"Beige Dog/Sociologia.java","start1":26,"end1":30,"start2":110,"end2":114,"tokens":9}],"first_similarity":0.28205128205128205,"second_similarity":0.1875}