{"id1":"Gray Panther","id2":"Beige Giraffe","similarities":{"MAX":0.2677165354330709,"AVG":0.2625482625482625},"matches":[{"file1":"Gray Panther/pa.java","file2":"Beige Giraffe/Sociologia.java","start1":20,"end1":25,"start2":86,"end2":91,"tokens":13},{"file1":"Gray Panther/pa.java","file2":"Beige Giraffe/Sociologia.java","start1":54,"end1":60,"start2":113,"end2":123,"tokens":11},{"file1":"Gray Panther/pa.java","file2":"Beige Giraffe/Sociologia.java","start1":33,"end1":38,"start2":128,"end2":137,"tokens":10}],"first_similarity":0.2677165354330709,"second_similarity":0.25757575757575757}