{"id1":"Gray Wolf","id2":"Purple Fish","similarities":{"MAX":0.28205128205128205,"AVG":0.2608695652173913},"matches":[{"file1":"Gray Wolf/Sociologia.java","file2":"Purple Fish/Sociologia.java","start1":37,"end1":45,"start2":91,"end2":99,"tokens":14},{"file1":"Gray Wolf/Sociologia.java","file2":"Purple Fish/Sociologia.java","start1":31,"end1":35,"start2":28,"end2":32,"tokens":10},{"file1":"Gray Wolf/Sociologia.java","file2":"Purple Fish/Sociologia.java","start1":26,"end1":30,"start2":85,"end2":88,"tokens":9}],"first_similarity":0.28205128205128205,"second_similarity":0.2426470588235294}