{"id1":"Gray Panther","id2":"Green Fox","similarities":{"MAX":0.8267716535433071,"AVG":0.7636363636363637},"matches":[{"file1":"Gray Panther/pa.java","file2":"Green Fox/pa.java","start1":29,"end1":74,"start2":41,"end2":86,"tokens":80},{"file1":"Gray Panther/pa.java","file2":"Green Fox/pa.java","start1":1,"end1":11,"start2":1,"end2":11,"tokens":16},{"file1":"Gray Panther/pa.java","file2":"Green Fox/pa.java","start1":21,"end1":24,"start2":31,"end2":34,"tokens":9}],"first_similarity":0.8267716535433071,"second_similarity":0.7094594594594594}