{"id1":"Gray Wolf","id2":"Yellow Dog","similarities":{"MAX":0.3333333333333333,"AVG":0.29213483146067415},"matches":[{"file1":"Gray Wolf/Sociologia.java","file2":"Yellow Dog/Sociologia.java","start1":37,"end1":47,"start2":125,"end2":137,"tokens":16},{"file1":"Gray Wolf/Sociologia.java","file2":"Yellow Dog/Sociologia.java","start1":57,"end1":65,"start2":35,"end2":44,"tokens":12},{"file1":"Gray Wolf/Sociologia.java","file2":"Yellow Dog/Sociologia.java","start1":25,"end1":30,"start2":113,"end2":119,"tokens":11}],"first_similarity":0.3333333333333333,"second_similarity":0.26}