{"id1":"Gray Wolf","id2":"Green Dolphin","similarities":{"MAX":0.42735042735042733,"AVG":0.4},"matches":[{"file1":"Gray Wolf/Sociologia.java","file2":"Green Dolphin/soci.java","start1":58,"end1":75,"start2":57,"end2":72,"tokens":22},{"file1":"Gray Wolf/Sociologia.java","file2":"Green Dolphin/soci.java","start1":30,"end1":37,"start2":36,"end2":43,"tokens":14},{"file1":"Gray Wolf/Sociologia.java","file2":"Green Dolphin/soci.java","start1":37,"end1":45,"start2":43,"end2":53,"tokens":14}],"first_similarity":0.42735042735042733,"second_similarity":0.37593984962406013}