{"id1":"Gray Panther","id2":"Lime Tiger","similarities":{"MAX":0.33070866141732286,"AVG":0.30996309963099633},"matches":[{"file1":"Gray Panther/pa.java","file2":"Lime Tiger/sociologia.java","start1":20,"end1":25,"start2":112,"end2":118,"tokens":14},{"file1":"Gray Panther/pa.java","file2":"Lime Tiger/sociologia.java","start1":33,"end1":38,"start2":49,"end2":57,"tokens":10},{"file1":"Gray Panther/pa.java","file2":"Lime Tiger/sociologia.java","start1":54,"end1":58,"start2":67,"end2":73,"tokens":9},{"file1":"Gray Panther/pa.java","file2":"Lime Tiger/sociologia.java","start1":66,"end1":71,"start2":95,"end2":101,"tokens":9}],"first_similarity":0.33070866141732286,"second_similarity":0.2916666666666667}