{"id1":"Gray Panther","id2":"Gray Tiger","similarities":{"MAX":0.2677165354330709,"AVG":0.26356589147286824},"matches":[{"file1":"Gray Panther/pa.java","file2":"Gray Tiger/main.java","start1":20,"end1":25,"start2":127,"end2":134,"tokens":14},{"file1":"Gray Panther/pa.java","file2":"Gray Tiger/main.java","start1":33,"end1":38,"start2":97,"end2":104,"tokens":10},{"file1":"Gray Panther/pa.java","file2":"Gray Tiger/main.java","start1":54,"end1":59,"start2":152,"end2":160,"tokens":10}],"first_similarity":0.2677165354330709,"second_similarity":0.2595419847328244}