{"id1":"Gray Tiger","id2":"Purple Giraffe","similarities":{"MAX":0.5267175572519084,"AVG":0.5073529411764706},"matches":[{"file1":"Gray Tiger/main.java","file2":"Purple Giraffe/soc.java","start1":86,"end1":113,"start2":145,"end2":177,"tokens":45},{"file1":"Gray Tiger/main.java","file2":"Purple Giraffe/soc.java","start1":149,"end1":160,"start2":113,"end2":123,"tokens":13},{"file1":"Gray Tiger/main.java","file2":"Purple Giraffe/soc.java","start1":126,"end1":131,"start2":92,"end2":97,"tokens":11}],"first_similarity":0.5267175572519084,"second_similarity":0.48936170212765956}