{"id1":"Gray Wolf","id2":"Lazy Bobcat","similarities":{"MAX":0.7521367521367521,"AVG":0.7272727272727273},"matches":[{"file1":"Gray Wolf/Sociologia.java","file2":"Lazy Bobcat/Daa_sociologia.java","start1":53,"end1":93,"start2":34,"end2":78,"tokens":50},{"file1":"Gray Wolf/Sociologia.java","file2":"Lazy Bobcat/Daa_sociologia.java","start1":37,"end1":49,"start2":86,"end2":98,"tokens":18},{"file1":"Gray Wolf/Sociologia.java","file2":"Lazy Bobcat/Daa_sociologia.java","start1":25,"end1":30,"start2":80,"end2":84,"tokens":11},{"file1":"Gray Wolf/Sociologia.java","file2":"Lazy Bobcat/Daa_sociologia.java","start1":9,"end1":17,"start2":10,"end2":18,"tokens":9}],"first_similarity":0.7521367521367521,"second_similarity":0.704}