{"id1":"Gray Panther","id2":"Black Mallard","similarities":{"MAX":0.2677165354330709,"AVG":0.2625482625482625},"matches":[{"file1":"Gray Panther/pa.java","file2":"Black Mallard/Sociologia.java","start1":20,"end1":25,"start2":88,"end2":93,"tokens":13},{"file1":"Gray Panther/pa.java","file2":"Black Mallard/Sociologia.java","start1":54,"end1":60,"start2":115,"end2":125,"tokens":11},{"file1":"Gray Panther/pa.java","file2":"Black Mallard/Sociologia.java","start1":33,"end1":38,"start2":130,"end2":139,"tokens":10}],"first_similarity":0.2677165354330709,"second_similarity":0.25757575757575757}