{"id1":"Gray Panther","id2":"Blue Koala","similarities":{"MAX":0.25984251968503935,"AVG":0.23404255319148937},"matches":[{"file1":"Gray Panther/pa.java","file2":"Blue Koala/main.java","start1":20,"end1":25,"start2":121,"end2":126,"tokens":13},{"file1":"Gray Panther/pa.java","file2":"Blue Koala/main.java","start1":33,"end1":38,"start2":99,"end2":107,"tokens":10},{"file1":"Gray Panther/pa.java","file2":"Blue Koala/main.java","start1":54,"end1":59,"start2":169,"end2":177,"tokens":10}],"first_similarity":0.25984251968503935,"second_similarity":0.2129032258064516}