{"id1":"Gray Panther","id2":"Purple Giraffe","similarities":{"MAX":0.23622047244094488,"AVG":0.22388059701492538},"matches":[{"file1":"Gray Panther/pa.java","file2":"Purple Giraffe/soc.java","start1":20,"end1":23,"start2":94,"end2":97,"tokens":10},{"file1":"Gray Panther/pa.java","file2":"Purple Giraffe/soc.java","start1":33,"end1":38,"start2":156,"end2":165,"tokens":10},{"file1":"Gray Panther/pa.java","file2":"Purple Giraffe/soc.java","start1":54,"end1":59,"start2":117,"end2":123,"tokens":10}],"first_similarity":0.23622047244094488,"second_similarity":0.2127659574468085}