{"id1":"Green Giraffe","id2":"Brown Eagle","similarities":{"MAX":0.29333333333333333,"AVG":0.27672955974842767},"matches":[{"file1":"Green Giraffe/Sociologia.java","file2":"Brown Eagle/Sociologia.java","start1":99,"end1":117,"start2":116,"end2":127,"tokens":19},{"file1":"Green Giraffe/Sociologia.java","file2":"Brown Eagle/Sociologia.java","start1":122,"end1":132,"start2":43,"end2":51,"tokens":16},{"file1":"Green Giraffe/Sociologia.java","file2":"Brown Eagle/Sociologia.java","start1":5,"end1":13,"start2":6,"end2":14,"tokens":9}],"first_similarity":0.29333333333333333,"second_similarity":0.2619047619047619}