{"id1":"Green Fox","id2":"Purple Fish","similarities":{"MAX":0.29411764705882354,"AVG":0.28169014084507044},"matches":[{"file1":"Green Fox/pa.java","file2":"Purple Fish/Sociologia.java","start1":76,"end1":80,"start2":83,"end2":87,"tokens":11},{"file1":"Green Fox/pa.java","file2":"Purple Fish/Sociologia.java","start1":45,"end1":50,"start2":58,"end2":67,"tokens":10},{"file1":"Green Fox/pa.java","file2":"Purple Fish/Sociologia.java","start1":66,"end1":71,"start2":111,"end2":118,"tokens":10},{"file1":"Green Fox/pa.java","file2":"Purple Fish/Sociologia.java","start1":31,"end1":34,"start2":92,"end2":95,"tokens":9}],"first_similarity":0.2702702702702703,"second_similarity":0.29411764705882354}