{"id1":"Green Dolphin","id2":"Cyan Lynx","similarities":{"MAX":0.45864661654135336,"AVG":0.4053156146179402},"matches":[{"file1":"Green Dolphin/soci.java","file2":"Cyan Lynx/Sociologia.java","start1":43,"end1":62,"start2":42,"end2":62,"tokens":29},{"file1":"Green Dolphin/soci.java","file2":"Cyan Lynx/Sociologia.java","start1":1,"end1":20,"start2":2,"end2":17,"tokens":17},{"file1":"Green Dolphin/soci.java","file2":"Cyan Lynx/Sociologia.java","start1":77,"end1":88,"start2":102,"end2":113,"tokens":15}],"first_similarity":0.45864661654135336,"second_similarity":0.3630952380952381}