{"id1":"Green Fox","id2":"Black Mallard","similarities":{"MAX":0.22727272727272727,"AVG":0.21428571428571427},"matches":[{"file1":"Green Fox/pa.java","file2":"Black Mallard/Sociologia.java","start1":66,"end1":72,"start2":115,"end2":125,"tokens":11},{"file1":"Green Fox/pa.java","file2":"Black Mallard/Sociologia.java","start1":45,"end1":50,"start2":130,"end2":139,"tokens":10},{"file1":"Green Fox/pa.java","file2":"Black Mallard/Sociologia.java","start1":31,"end1":34,"start2":89,"end2":92,"tokens":9}],"first_similarity":0.20270270270270271,"second_similarity":0.22727272727272727}