{"id1":"Green Fox","id2":"Beige Dog","similarities":{"MAX":0.2702702702702703,"AVG":0.24691358024691357},"matches":[{"file1":"Green Fox/pa.java","file2":"Beige Dog/Sociologia.java","start1":76,"end1":80,"start2":108,"end2":113,"tokens":11},{"file1":"Green Fox/pa.java","file2":"Beige Dog/Sociologia.java","start1":45,"end1":50,"start2":86,"end2":93,"tokens":10},{"file1":"Green Fox/pa.java","file2":"Beige Dog/Sociologia.java","start1":66,"end1":71,"start2":137,"end2":144,"tokens":10},{"file1":"Green Fox/pa.java","file2":"Beige Dog/Sociologia.java","start1":31,"end1":34,"start2":118,"end2":121,"tokens":9}],"first_similarity":0.2702702702702703,"second_similarity":0.22727272727272727}