{"id1":"Green Giraffe","id2":"Cyan Kangaroo","similarities":{"MAX":0.31333333333333335,"AVG":0.3102310231023102},"matches":[{"file1":"Green Giraffe/Sociologia.java","file2":"Cyan Kangaroo/Sociologia.java","start1":120,"end1":134,"start2":76,"end2":89,"tokens":19},{"file1":"Green Giraffe/Sociologia.java","file2":"Cyan Kangaroo/Sociologia.java","start1":100,"end1":113,"start2":53,"end2":62,"tokens":10},{"file1":"Green Giraffe/Sociologia.java","file2":"Cyan Kangaroo/Sociologia.java","start1":19,"end1":27,"start2":3,"end2":12,"tokens":9},{"file1":"Green Giraffe/Sociologia.java","file2":"Cyan Kangaroo/Sociologia.java","start1":36,"end1":41,"start2":31,"end2":37,"tokens":9}],"first_similarity":0.31333333333333335,"second_similarity":0.30718954248366015}