{"id1":"Green Fox","id2":"Gray Tiger","similarities":{"MAX":0.22137404580152673,"AVG":0.2078853046594982},"matches":[{"file1":"Green Fox/pa.java","file2":"Gray Tiger/main.java","start1":45,"end1":50,"start2":97,"end2":104,"tokens":10},{"file1":"Green Fox/pa.java","file2":"Gray Tiger/main.java","start1":66,"end1":71,"start2":152,"end2":160,"tokens":10},{"file1":"Green Fox/pa.java","file2":"Gray Tiger/main.java","start1":31,"end1":34,"start2":128,"end2":132,"tokens":9}],"first_similarity":0.19594594594594594,"second_similarity":0.22137404580152673}