{"id1":"Green Giraffe","id2":"Angry Fish","similarities":{"MAX":0.29333333333333333,"AVG":0.27672955974842767},"matches":[{"file1":"Green Giraffe/Sociologia.java","file2":"Angry Fish/Sociologia.java","start1":99,"end1":117,"start2":115,"end2":126,"tokens":19},{"file1":"Green Giraffe/Sociologia.java","file2":"Angry Fish/Sociologia.java","start1":122,"end1":132,"start2":42,"end2":50,"tokens":16},{"file1":"Green Giraffe/Sociologia.java","file2":"Angry Fish/Sociologia.java","start1":5,"end1":13,"start2":6,"end2":14,"tokens":9}],"first_similarity":0.29333333333333333,"second_similarity":0.2619047619047619}