{"id1":"Green Panther","id2":"Lime Lynx","similarities":{"MAX":0.8095238095238095,"AVG":0.7534626038781164},"matches":[{"file1":"Green Panther/Sociologia.java","file2":"Lime Lynx/Sociologia.java","start1":63,"end1":92,"start2":63,"end2":98,"tokens":35},{"file1":"Green Panther/Sociologia.java","file2":"Lime Lynx/Sociologia.java","start1":114,"end1":127,"start2":130,"end2":154,"tokens":25},{"file1":"Green Panther/Sociologia.java","file2":"Lime Lynx/Sociologia.java","start1":32,"end1":40,"start2":34,"end2":44,"tokens":15},{"file1":"Green Panther/Sociologia.java","file2":"Lime Lynx/Sociologia.java","start1":51,"end1":61,"start2":47,"end2":58,"tokens":14},{"file1":"Green Panther/Sociologia.java","file2":"Lime Lynx/Sociologia.java","start1":42,"end1":47,"start2":155,"end2":160,"tokens":13},{"file1":"Green Panther/Sociologia.java","file2":"Lime Lynx/Sociologia.java","start1":93,"end1":101,"start2":114,"end2":125,"tokens":13},{"file1":"Green Panther/Sociologia.java","file2":"Lime Lynx/Sociologia.java","start1":1,"end1":13,"start2":1,"end2":13,"tokens":12},{"file1":"Green Panther/Sociologia.java","file2":"Lime Lynx/Sociologia.java","start1":15,"end1":22,"start2":15,"end2":24,"tokens":9}],"first_similarity":0.8095238095238095,"second_similarity":0.7046632124352331}