{"id1":"Green Giraffe","id2":"Purple Koala","similarities":{"MAX":0.32413793103448274,"AVG":0.31864406779661014},"matches":[{"file1":"Green Giraffe/Sociologia.java","file2":"Purple Koala/Sociologia.java","start1":120,"end1":134,"start2":74,"end2":85,"tokens":19},{"file1":"Green Giraffe/Sociologia.java","file2":"Purple Koala/Sociologia.java","start1":100,"end1":113,"start2":53,"end2":62,"tokens":10},{"file1":"Green Giraffe/Sociologia.java","file2":"Purple Koala/Sociologia.java","start1":19,"end1":27,"start2":3,"end2":12,"tokens":9},{"file1":"Green Giraffe/Sociologia.java","file2":"Purple Koala/Sociologia.java","start1":36,"end1":41,"start2":31,"end2":37,"tokens":9}],"first_similarity":0.31333333333333335,"second_similarity":0.32413793103448274}