{"id1":"Green Dolphin","id2":"Lime Tiger","similarities":{"MAX":0.37593984962406013,"AVG":0.36101083032490977},"matches":[{"file1":"Green Dolphin/soci.java","file2":"Lime Tiger/sociologia.java","start1":43,"end1":54,"start2":112,"end2":121,"tokens":17},{"file1":"Green Dolphin/soci.java","file2":"Lime Tiger/sociologia.java","start1":21,"end1":34,"start2":10,"end2":20,"tokens":13},{"file1":"Green Dolphin/soci.java","file2":"Lime Tiger/sociologia.java","start1":56,"end1":62,"start2":40,"end2":46,"tokens":11},{"file1":"Green Dolphin/soci.java","file2":"Lime Tiger/sociologia.java","start1":84,"end1":92,"start2":82,"end2":90,"tokens":9}],"first_similarity":0.37593984962406013,"second_similarity":0.3472222222222222}