{"id1":"Green Dolphin","id2":"Blue Antelope","similarities":{"MAX":0.45864661654135336,"AVG":0.4066666666666667},"matches":[{"file1":"Green Dolphin/soci.java","file2":"Blue Antelope/sociologia.java","start1":43,"end1":62,"start2":45,"end2":64,"tokens":29},{"file1":"Green Dolphin/soci.java","file2":"Blue Antelope/sociologia.java","start1":1,"end1":20,"start2":1,"end2":17,"tokens":17},{"file1":"Green Dolphin/soci.java","file2":"Blue Antelope/sociologia.java","start1":77,"end1":88,"start2":103,"end2":114,"tokens":15}],"first_similarity":0.45864661654135336,"second_similarity":0.3652694610778443}