{"id1":"Green Fox","id2":"Beige Giraffe","similarities":{"MAX":0.22727272727272727,"AVG":0.21428571428571427},"matches":[{"file1":"Green Fox/pa.java","file2":"Beige Giraffe/Sociologia.java","start1":66,"end1":72,"start2":113,"end2":123,"tokens":11},{"file1":"Green Fox/pa.java","file2":"Beige Giraffe/Sociologia.java","start1":45,"end1":50,"start2":128,"end2":137,"tokens":10},{"file1":"Green Fox/pa.java","file2":"Beige Giraffe/Sociologia.java","start1":31,"end1":34,"start2":87,"end2":90,"tokens":9}],"first_similarity":0.20270270270270271,"second_similarity":0.22727272727272727}