{"id1":"Green Dolphin","id2":"Brown Fox","similarities":{"MAX":0.3684210526315789,"AVG":0.3462897526501767},"matches":[{"file1":"Green Dolphin/soci.java","file2":"Brown Fox/Sociologia.java","start1":41,"end1":53,"start2":120,"end2":132,"tokens":19},{"file1":"Green Dolphin/soci.java","file2":"Brown Fox/Sociologia.java","start1":26,"end1":35,"start2":3,"end2":11,"tokens":11},{"file1":"Green Dolphin/soci.java","file2":"Brown Fox/Sociologia.java","start1":57,"end1":63,"start2":36,"end2":43,"tokens":10},{"file1":"Green Dolphin/soci.java","file2":"Brown Fox/Sociologia.java","start1":4,"end1":13,"start2":18,"end2":26,"tokens":9}],"first_similarity":0.3684210526315789,"second_similarity":0.32666666666666666}