{"id1":"Green Giraffe","id2":"Blue Antelope","similarities":{"MAX":0.29333333333333333,"AVG":0.277602523659306},"matches":[{"file1":"Green Giraffe/Sociologia.java","file2":"Blue Antelope/sociologia.java","start1":99,"end1":117,"start2":123,"end2":135,"tokens":19},{"file1":"Green Giraffe/Sociologia.java","file2":"Blue Antelope/sociologia.java","start1":122,"end1":132,"start2":45,"end2":53,"tokens":16},{"file1":"Green Giraffe/Sociologia.java","file2":"Blue Antelope/sociologia.java","start1":5,"end1":13,"start2":4,"end2":12,"tokens":9}],"first_similarity":0.29333333333333333,"second_similarity":0.2634730538922156}