{"id1":"Green Giraffe","id2":"Purple Dolphin","similarities":{"MAX":0.24,"AVG":0.2155688622754491},"matches":[{"file1":"Green Giraffe/Sociologia.java","file2":"Purple Dolphin/Sociologia.java","start1":102,"end1":117,"start2":136,"end2":146,"tokens":17},{"file1":"Green Giraffe/Sociologia.java","file2":"Purple Dolphin/Sociologia.java","start1":120,"end1":125,"start2":59,"end2":63,"tokens":10},{"file1":"Green Giraffe/Sociologia.java","file2":"Purple Dolphin/Sociologia.java","start1":5,"end1":12,"start2":4,"end2":13,"tokens":9}],"first_similarity":0.24,"second_similarity":0.1956521739130435}