{"id1":"Green Dolphin","id2":"Lime Lynx","similarities":{"MAX":0.3458646616541353,"AVG":0.2822085889570552},"matches":[{"file1":"Green Dolphin/soci.java","file2":"Lime Lynx/Sociologia.java","start1":43,"end1":50,"start2":155,"end2":160,"tokens":13},{"file1":"Green Dolphin/soci.java","file2":"Lime Lynx/Sociologia.java","start1":54,"end1":62,"start2":47,"end2":57,"tokens":13},{"file1":"Green Dolphin/soci.java","file2":"Lime Lynx/Sociologia.java","start1":1,"end1":14,"start2":2,"end2":13,"tokens":11},{"file1":"Green Dolphin/soci.java","file2":"Lime Lynx/Sociologia.java","start1":28,"end1":35,"start2":23,"end2":31,"tokens":9}],"first_similarity":0.3458646616541353,"second_similarity":0.23834196891191708}