{"id1":"Green Fox","id2":"Lime Tiger","similarities":{"MAX":0.2569444444444444,"AVG":0.2534246575342466},"matches":[{"file1":"Green Fox/pa.java","file2":"Lime Tiger/sociologia.java","start1":45,"end1":50,"start2":49,"end2":57,"tokens":10},{"file1":"Green Fox/pa.java","file2":"Lime Tiger/sociologia.java","start1":31,"end1":34,"start2":113,"end2":116,"tokens":9},{"file1":"Green Fox/pa.java","file2":"Lime Tiger/sociologia.java","start1":66,"end1":70,"start2":67,"end2":73,"tokens":9},{"file1":"Green Fox/pa.java","file2":"Lime Tiger/sociologia.java","start1":78,"end1":83,"start2":95,"end2":101,"tokens":9}],"first_similarity":0.25,"second_similarity":0.2569444444444444}