{"id1":"Lazy Bobcat","id2":"Lime Lynx","similarities":{"MAX":0.464,"AVG":0.36477987421383645},"matches":[{"file1":"Lazy Bobcat/Daa_sociologia.java","file2":"Lime Lynx/Sociologia.java","start1":77,"end1":85,"start2":136,"end2":153,"tokens":16},{"file1":"Lazy Bobcat/Daa_sociologia.java","file2":"Lime Lynx/Sociologia.java","start1":86,"end1":91,"start2":155,"end2":160,"tokens":13},{"file1":"Lazy Bobcat/Daa_sociologia.java","file2":"Lime Lynx/Sociologia.java","start1":18,"end1":27,"start2":5,"end2":14,"tokens":10},{"file1":"Lazy Bobcat/Daa_sociologia.java","file2":"Lime Lynx/Sociologia.java","start1":31,"end1":37,"start2":38,"end2":44,"tokens":10},{"file1":"Lazy Bobcat/Daa_sociologia.java","file2":"Lime Lynx/Sociologia.java","start1":93,"end1":101,"start2":161,"end2":171,"tokens":9}],"first_similarity":0.464,"second_similarity":0.3005181347150259}