{"id1":"Lazy Bobcat","id2":"Cyan Kangaroo","similarities":{"MAX":0.288,"AVG":0.2589928057553957},"matches":[{"file1":"Lazy Bobcat/Daa_sociologia.java","file2":"Cyan Kangaroo/Sociologia.java","start1":86,"end1":96,"start2":78,"end2":89,"tokens":18},{"file1":"Lazy Bobcat/Daa_sociologia.java","file2":"Cyan Kangaroo/Sociologia.java","start1":6,"end1":13,"start2":6,"end2":13,"tokens":9},{"file1":"Lazy Bobcat/Daa_sociologia.java","file2":"Cyan Kangaroo/Sociologia.java","start1":38,"end1":45,"start2":31,"end2":37,"tokens":9}],"first_similarity":0.288,"second_similarity":0.23529411764705882}