{"id1":"Lazy Bobcat","id2":"Red Mallard","similarities":{"MAX":0.24,"AVG":0.23255813953488372},"matches":[{"file1":"Lazy Bobcat/Daa_sociologia.java","file2":"Red Mallard/socio.java","start1":18,"end1":27,"start2":4,"end2":13,"tokens":10},{"file1":"Lazy Bobcat/Daa_sociologia.java","file2":"Red Mallard/socio.java","start1":59,"end1":66,"start2":71,"end2":77,"tokens":10},{"file1":"Lazy Bobcat/Daa_sociologia.java","file2":"Red Mallard/socio.java","start1":80,"end1":84,"start2":40,"end2":44,"tokens":10}],"first_similarity":0.24,"second_similarity":0.22556390977443608}