{"id1":"Lazy Bobcat","id2":"Purple Koala","similarities":{"MAX":0.288,"AVG":0.26666666666666666},"matches":[{"file1":"Lazy Bobcat/Daa_sociologia.java","file2":"Purple Koala/Sociologia.java","start1":86,"end1":96,"start2":75,"end2":85,"tokens":18},{"file1":"Lazy Bobcat/Daa_sociologia.java","file2":"Purple Koala/Sociologia.java","start1":6,"end1":13,"start2":6,"end2":13,"tokens":9},{"file1":"Lazy Bobcat/Daa_sociologia.java","file2":"Purple Koala/Sociologia.java","start1":38,"end1":45,"start2":31,"end2":37,"tokens":9}],"first_similarity":0.288,"second_similarity":0.2482758620689655}