{"id1":"Lazy Bobcat","id2":"Yellow Fish","similarities":{"MAX":0.496,"AVG":0.4542124542124542},"matches":[{"file1":"Lazy Bobcat/Daa_sociologia.java","file2":"Yellow Fish/ProblemaF4.java","start1":56,"end1":71,"start2":86,"end2":102,"tokens":21},{"file1":"Lazy Bobcat/Daa_sociologia.java","file2":"Yellow Fish/ProblemaF4.java","start1":72,"end1":82,"start2":103,"end2":114,"tokens":13},{"file1":"Lazy Bobcat/Daa_sociologia.java","file2":"Yellow Fish/ProblemaF4.java","start1":39,"end1":47,"start2":68,"end2":75,"tokens":10},{"file1":"Lazy Bobcat/Daa_sociologia.java","file2":"Yellow Fish/ProblemaF4.java","start1":18,"end1":24,"start2":27,"end2":36,"tokens":9},{"file1":"Lazy Bobcat/Daa_sociologia.java","file2":"Yellow Fish/ProblemaF4.java","start1":82,"end1":86,"start2":116,"end2":120,"tokens":9}],"first_similarity":0.496,"second_similarity":0.4189189189189189}