{"id1":"Lazy Bobcat","id2":"Angry Dog","similarities":{"MAX":0.408,"AVG":0.34812286689419797},"matches":[{"file1":"Lazy Bobcat/Daa_sociologia.java","file2":"Angry Dog/Sociologia.java","start1":77,"end1":85,"start2":120,"end2":128,"tokens":16},{"file1":"Lazy Bobcat/Daa_sociologia.java","file2":"Angry Dog/Sociologia.java","start1":86,"end1":94,"start2":44,"end2":52,"tokens":16},{"file1":"Lazy Bobcat/Daa_sociologia.java","file2":"Angry Dog/Sociologia.java","start1":31,"end1":37,"start2":37,"end2":42,"tokens":10},{"file1":"Lazy Bobcat/Daa_sociologia.java","file2":"Angry Dog/Sociologia.java","start1":18,"end1":26,"start2":7,"end2":15,"tokens":9}],"first_similarity":0.408,"second_similarity":0.30357142857142855}