{"id1":"Lazy Bobcat","id2":"Black Fish","similarities":{"MAX":0.416,"AVG":0.40310077519379844},"matches":[{"file1":"Lazy Bobcat/Daa_sociologia.java","file2":"Black Fish/soci.java","start1":39,"end1":58,"start2":57,"end2":72,"tokens":22},{"file1":"Lazy Bobcat/Daa_sociologia.java","file2":"Black Fish/soci.java","start1":86,"end1":94,"start2":43,"end2":53,"tokens":16},{"file1":"Lazy Bobcat/Daa_sociologia.java","file2":"Black Fish/soci.java","start1":13,"end1":25,"start2":21,"end2":35,"tokens":14}],"first_similarity":0.416,"second_similarity":0.39097744360902253}