{"id1":"Lazy Bobcat","id2":"Blue Antelope","similarities":{"MAX":0.408,"AVG":0.3493150684931507},"matches":[{"file1":"Lazy Bobcat/Daa_sociologia.java","file2":"Blue Antelope/sociologia.java","start1":77,"end1":85,"start2":126,"end2":135,"tokens":16},{"file1":"Lazy Bobcat/Daa_sociologia.java","file2":"Blue Antelope/sociologia.java","start1":86,"end1":94,"start2":45,"end2":53,"tokens":16},{"file1":"Lazy Bobcat/Daa_sociologia.java","file2":"Blue Antelope/sociologia.java","start1":31,"end1":37,"start2":37,"end2":43,"tokens":10},{"file1":"Lazy Bobcat/Daa_sociologia.java","file2":"Blue Antelope/sociologia.java","start1":18,"end1":26,"start2":4,"end2":12,"tokens":9}],"first_similarity":0.408,"second_similarity":0.30538922155688625}