{"id1":"Lazy Bobcat","id2":"Purple Bird","similarities":{"MAX":0.272,"AVG":0.26053639846743293},"matches":[{"file1":"Lazy Bobcat/Daa_sociologia.java","file2":"Purple Bird/JavaApplication7.java","start1":43,"end1":55,"start2":128,"end2":138,"tokens":13},{"file1":"Lazy Bobcat/Daa_sociologia.java","file2":"Purple Bird/JavaApplication7.java","start1":77,"end1":83,"start2":147,"end2":157,"tokens":12},{"file1":"Lazy Bobcat/Daa_sociologia.java","file2":"Purple Bird/JavaApplication7.java","start1":85,"end1":88,"start2":161,"end2":164,"tokens":9}],"first_similarity":0.272,"second_similarity":0.25}