{"id1":"Lazy Bobcat","id2":"Green Giraffe","similarities":{"MAX":0.472,"AVG":0.4290909090909091},"matches":[{"file1":"Lazy Bobcat/Daa_sociologia.java","file2":"Green Giraffe/Sociologia.java","start1":77,"end1":86,"start2":103,"end2":119,"tokens":19},{"file1":"Lazy Bobcat/Daa_sociologia.java","file2":"Green Giraffe/Sociologia.java","start1":87,"end1":96,"start2":123,"end2":134,"tokens":15},{"file1":"Lazy Bobcat/Daa_sociologia.java","file2":"Green Giraffe/Sociologia.java","start1":17,"end1":27,"start2":4,"end2":14,"tokens":13},{"file1":"Lazy Bobcat/Daa_sociologia.java","file2":"Green Giraffe/Sociologia.java","start1":38,"end1":47,"start2":36,"end2":44,"tokens":12}],"first_similarity":0.472,"second_similarity":0.3933333333333333}