{"id1":"Lazy Bobcat","id2":"Angry Fish","similarities":{"MAX":0.408,"AVG":0.34812286689419797},"matches":[{"file1":"Lazy Bobcat/Daa_sociologia.java","file2":"Angry Fish/Sociologia.java","start1":77,"end1":85,"start2":118,"end2":126,"tokens":16},{"file1":"Lazy Bobcat/Daa_sociologia.java","file2":"Angry Fish/Sociologia.java","start1":86,"end1":94,"start2":42,"end2":50,"tokens":16},{"file1":"Lazy Bobcat/Daa_sociologia.java","file2":"Angry Fish/Sociologia.java","start1":31,"end1":37,"start2":35,"end2":40,"tokens":10},{"file1":"Lazy Bobcat/Daa_sociologia.java","file2":"Angry Fish/Sociologia.java","start1":18,"end1":26,"start2":6,"end2":14,"tokens":9}],"first_similarity":0.408,"second_similarity":0.30357142857142855}