{"id1":"Lime Lynx","id2":"Purple Dolphin","similarities":{"MAX":0.21739130434782608,"AVG":0.21220159151193635},"matches":[{"file1":"Lime Lynx/Sociologia.java","file2":"Purple Dolphin/Sociologia.java","start1":135,"end1":154,"start2":136,"end2":147,"tokens":18},{"file1":"Lime Lynx/Sociologia.java","file2":"Purple Dolphin/Sociologia.java","start1":47,"end1":56,"start2":81,"end2":88,"tokens":12},{"file1":"Lime Lynx/Sociologia.java","file2":"Purple Dolphin/Sociologia.java","start1":22,"end1":31,"start2":3,"end2":13,"tokens":10}],"first_similarity":0.20725388601036268,"second_similarity":0.21739130434782608}