{"id1":"Lime Tiger","id2":"Red Eagle","similarities":{"MAX":0.2638888888888889,"AVG":0.2611683848797251},"matches":[{"file1":"Lime Tiger/sociologia.java","file2":"Red Eagle/Sociologia.java","start1":30,"end1":41,"start2":59,"end2":70,"tokens":16},{"file1":"Lime Tiger/sociologia.java","file2":"Red Eagle/Sociologia.java","start1":10,"end1":20,"start2":31,"end2":42,"tokens":13},{"file1":"Lime Tiger/sociologia.java","file2":"Red Eagle/Sociologia.java","start1":51,"end1":59,"start2":83,"end2":93,"tokens":9}],"first_similarity":0.2638888888888889,"second_similarity":0.2585034013605442}