{"id1":"Lime Tiger","id2":"Black Mallard","similarities":{"MAX":0.36363636363636365,"AVG":0.34782608695652173},"matches":[{"file1":"Lime Tiger/sociologia.java","file2":"Black Mallard/Sociologia.java","start1":110,"end1":117,"start2":86,"end2":93,"tokens":14},{"file1":"Lime Tiger/sociologia.java","file2":"Black Mallard/Sociologia.java","start1":48,"end1":58,"start2":129,"end2":139,"tokens":12},{"file1":"Lime Tiger/sociologia.java","file2":"Black Mallard/Sociologia.java","start1":64,"end1":73,"start2":113,"end2":123,"tokens":12},{"file1":"Lime Tiger/sociologia.java","file2":"Black Mallard/Sociologia.java","start1":80,"end1":87,"start2":142,"end2":150,"tokens":10}],"first_similarity":0.3333333333333333,"second_similarity":0.36363636363636365}