{"id1":"Lime Tiger","id2":"Gray Tiger","similarities":{"MAX":0.45038167938931295,"AVG":0.4290909090909091},"matches":[{"file1":"Lime Tiger/sociologia.java","file2":"Gray Tiger/main.java","start1":108,"end1":120,"start2":124,"end2":136,"tokens":22},{"file1":"Lime Tiger/sociologia.java","file2":"Gray Tiger/main.java","start1":63,"end1":73,"start2":148,"end2":159,"tokens":15},{"file1":"Lime Tiger/sociologia.java","file2":"Gray Tiger/main.java","start1":48,"end1":58,"start2":96,"end2":104,"tokens":12},{"file1":"Lime Tiger/sociologia.java","file2":"Gray Tiger/main.java","start1":80,"end1":87,"start2":107,"end2":113,"tokens":10}],"first_similarity":0.4097222222222222,"second_similarity":0.45038167938931295}