{"id1":"Lime Tiger","id2":"Blue Koala","similarities":{"MAX":0.3333333333333333,"AVG":0.3210702341137124},"matches":[{"file1":"Lime Tiger/sociologia.java","file2":"Blue Koala/main.java","start1":110,"end1":117,"start2":120,"end2":126,"tokens":14},{"file1":"Lime Tiger/sociologia.java","file2":"Blue Koala/main.java","start1":48,"end1":58,"start2":98,"end2":107,"tokens":12},{"file1":"Lime Tiger/sociologia.java","file2":"Blue Koala/main.java","start1":64,"end1":73,"start2":167,"end2":176,"tokens":12},{"file1":"Lime Tiger/sociologia.java","file2":"Blue Koala/main.java","start1":80,"end1":87,"start2":110,"end2":116,"tokens":10}],"first_similarity":0.3333333333333333,"second_similarity":0.3096774193548387}