{"id1":"Lime Tiger","id2":"Beige Dog","similarities":{"MAX":0.4305555555555556,"AVG":0.3875},"matches":[{"file1":"Lime Tiger/sociologia.java","file2":"Beige Dog/Sociologia.java","start1":45,"end1":59,"start2":82,"end2":94,"tokens":18},{"file1":"Lime Tiger/sociologia.java","file2":"Beige Dog/Sociologia.java","start1":110,"end1":120,"start2":116,"end2":125,"tokens":17},{"file1":"Lime Tiger/sociologia.java","file2":"Beige Dog/Sociologia.java","start1":79,"end1":90,"start2":69,"end2":80,"tokens":15},{"file1":"Lime Tiger/sociologia.java","file2":"Beige Dog/Sociologia.java","start1":64,"end1":73,"start2":135,"end2":143,"tokens":12}],"first_similarity":0.4305555555555556,"second_similarity":0.3522727272727273}