{"id1":"Lime Tiger","id2":"Cyan Antelope","similarities":{"MAX":0.22916666666666666,"AVG":0.21359223300970873},"matches":[{"file1":"Lime Tiger/sociologia.java","file2":"Cyan Antelope/sociologo.java","start1":67,"end1":76,"start2":80,"end2":92,"tokens":12},{"file1":"Lime Tiger/sociologia.java","file2":"Cyan Antelope/sociologo.java","start1":113,"end1":120,"start2":107,"end2":117,"tokens":12},{"file1":"Lime Tiger/sociologia.java","file2":"Cyan Antelope/sociologo.java","start1":80,"end1":84,"start2":28,"end2":33,"tokens":9}],"first_similarity":0.22916666666666666,"second_similarity":0.2}