{"id1":"Lime Tiger","id2":"Purple Fish","similarities":{"MAX":0.4264705882352941,"AVG":0.4142857142857143},"matches":[{"file1":"Lime Tiger/sociologia.java","file2":"Purple Fish/Sociologia.java","start1":45,"end1":59,"start2":54,"end2":68,"tokens":18},{"file1":"Lime Tiger/sociologia.java","file2":"Purple Fish/Sociologia.java","start1":110,"end1":120,"start2":90,"end2":99,"tokens":17},{"file1":"Lime Tiger/sociologia.java","file2":"Purple Fish/Sociologia.java","start1":64,"end1":73,"start2":109,"end2":117,"tokens":12},{"file1":"Lime Tiger/sociologia.java","file2":"Purple Fish/Sociologia.java","start1":80,"end1":87,"start2":71,"end2":78,"tokens":11}],"first_similarity":0.4027777777777778,"second_similarity":0.4264705882352941}