{"id1":"Lime Tiger","id2":"Purple Giraffe","similarities":{"MAX":0.3262411347517731,"AVG":0.32280701754385965},"matches":[{"file1":"Lime Tiger/sociologia.java","file2":"Purple Giraffe/soc.java","start1":48,"end1":58,"start2":155,"end2":165,"tokens":12},{"file1":"Lime Tiger/sociologia.java","file2":"Purple Giraffe/soc.java","start1":64,"end1":73,"start2":113,"end2":121,"tokens":12},{"file1":"Lime Tiger/sociologia.java","file2":"Purple Giraffe/soc.java","start1":80,"end1":88,"start2":169,"end2":178,"tokens":11},{"file1":"Lime Tiger/sociologia.java","file2":"Purple Giraffe/soc.java","start1":110,"end1":115,"start2":92,"end2":97,"tokens":11}],"first_similarity":0.3194444444444444,"second_similarity":0.3262411347517731}