{"id1":"Lime Tiger","id2":"Orange Giraffe","similarities":{"MAX":0.2638888888888889,"AVG":0.2629757785467128},"matches":[{"file1":"Lime Tiger/sociologia.java","file2":"Orange Giraffe/sociologia.java","start1":64,"end1":76,"start2":111,"end2":121,"tokens":15},{"file1":"Lime Tiger/sociologia.java","file2":"Orange Giraffe/sociologia.java","start1":110,"end1":117,"start2":86,"end2":94,"tokens":14},{"file1":"Lime Tiger/sociologia.java","file2":"Orange Giraffe/sociologia.java","start1":50,"end1":58,"start2":125,"end2":130,"tokens":9}],"first_similarity":0.2638888888888889,"second_similarity":0.2620689655172414}