{"id1":"Lime Lynx","id2":"Black Dolphin","similarities":{"MAX":0.20725388601036268,"AVG":0.20460358056265984},"matches":[{"file1":"Lime Lynx/Sociologia.java","file2":"Black Dolphin/Sociologia.java","start1":5,"end1":15,"start2":137,"end2":147,"tokens":12},{"file1":"Lime Lynx/Sociologia.java","file2":"Black Dolphin/Sociologia.java","start1":142,"end1":149,"start2":3,"end2":8,"tokens":10},{"file1":"Lime Lynx/Sociologia.java","file2":"Black Dolphin/Sociologia.java","start1":90,"end1":95,"start2":59,"end2":64,"tokens":9},{"file1":"Lime Lynx/Sociologia.java","file2":"Black Dolphin/Sociologia.java","start1":124,"end1":129,"start2":25,"end2":28,"tokens":9}],"first_similarity":0.20725388601036268,"second_similarity":0.20202020202020202}