{"id1":"Lime Tiger","id2":"Beige Giraffe","similarities":{"MAX":0.36363636363636365,"AVG":0.34782608695652173},"matches":[{"file1":"Lime Tiger/sociologia.java","file2":"Beige Giraffe/Sociologia.java","start1":110,"end1":117,"start2":84,"end2":91,"tokens":14},{"file1":"Lime Tiger/sociologia.java","file2":"Beige Giraffe/Sociologia.java","start1":48,"end1":58,"start2":127,"end2":137,"tokens":12},{"file1":"Lime Tiger/sociologia.java","file2":"Beige Giraffe/Sociologia.java","start1":64,"end1":73,"start2":111,"end2":121,"tokens":12},{"file1":"Lime Tiger/sociologia.java","file2":"Beige Giraffe/Sociologia.java","start1":80,"end1":87,"start2":140,"end2":148,"tokens":10}],"first_similarity":0.3333333333333333,"second_similarity":0.36363636363636365}