{"id1":"Orange Dog","id2":"Purple Antelope","similarities":{"MAX":0.8680555555555556,"AVG":0.8532423208191127},"matches":[{"file1":"Orange Dog/pa.java","file2":"Purple Antelope/pa.java","start1":39,"end1":82,"start2":41,"end2":84,"tokens":78},{"file1":"Orange Dog/pa.java","file2":"Purple Antelope/pa.java","start1":9,"end1":29,"start2":10,"end2":30,"tokens":37},{"file1":"Orange Dog/pa.java","file2":"Purple Antelope/pa.java","start1":1,"end1":8,"start2":1,"end2":8,"tokens":10}],"first_similarity":0.8680555555555556,"second_similarity":0.8389261744966443}