{"id1":"Orange Giraffe","id2":"Purple Giraffe","similarities":{"MAX":0.3475177304964539,"AVG":0.34265734265734266},"matches":[{"file1":"Orange Giraffe/sociologia.java","file2":"Purple Giraffe/soc.java","start1":110,"end1":119,"start2":112,"end2":121,"tokens":15},{"file1":"Orange Giraffe/sociologia.java","file2":"Purple Giraffe/soc.java","start1":85,"end1":92,"start2":91,"end2":97,"tokens":13},{"file1":"Orange Giraffe/sociologia.java","file2":"Purple Giraffe/soc.java","start1":125,"end1":132,"start2":157,"end2":166,"tokens":11},{"file1":"Orange Giraffe/sociologia.java","file2":"Purple Giraffe/soc.java","start1":93,"end1":102,"start2":132,"end2":142,"tokens":10}],"first_similarity":0.33793103448275863,"second_similarity":0.3475177304964539}