{"id1":"Orange Dog","id2":"Gray Tiger","similarities":{"MAX":0.22137404580152673,"AVG":0.2109090909090909},"matches":[{"file1":"Orange Dog/pa.java","file2":"Gray Tiger/main.java","start1":43,"end1":48,"start2":97,"end2":104,"tokens":10},{"file1":"Orange Dog/pa.java","file2":"Gray Tiger/main.java","start1":64,"end1":69,"start2":152,"end2":160,"tokens":10},{"file1":"Orange Dog/pa.java","file2":"Gray Tiger/main.java","start1":30,"end1":33,"start2":128,"end2":132,"tokens":9}],"first_similarity":0.2013888888888889,"second_similarity":0.22137404580152673}