{"id1":"Orange Dog","id2":"Purple Fish","similarities":{"MAX":0.29411764705882354,"AVG":0.2857142857142857},"matches":[{"file1":"Orange Dog/pa.java","file2":"Purple Fish/Sociologia.java","start1":74,"end1":78,"start2":83,"end2":87,"tokens":11},{"file1":"Orange Dog/pa.java","file2":"Purple Fish/Sociologia.java","start1":43,"end1":48,"start2":58,"end2":67,"tokens":10},{"file1":"Orange Dog/pa.java","file2":"Purple Fish/Sociologia.java","start1":64,"end1":69,"start2":111,"end2":118,"tokens":10},{"file1":"Orange Dog/pa.java","file2":"Purple Fish/Sociologia.java","start1":30,"end1":33,"start2":92,"end2":95,"tokens":9}],"first_similarity":0.2777777777777778,"second_similarity":0.29411764705882354}