{"id1":"Orange Giraffe","id2":"Blue Koala","similarities":{"MAX":0.3931034482758621,"AVG":0.38},"matches":[{"file1":"Orange Giraffe/sociologia.java","file2":"Blue Koala/main.java","start1":85,"end1":102,"start2":119,"end2":134,"tokens":23},{"file1":"Orange Giraffe/sociologia.java","file2":"Blue Koala/main.java","start1":110,"end1":119,"start2":166,"end2":176,"tokens":15},{"file1":"Orange Giraffe/sociologia.java","file2":"Blue Koala/main.java","start1":125,"end1":131,"start2":100,"end2":107,"tokens":10},{"file1":"Orange Giraffe/sociologia.java","file2":"Blue Koala/main.java","start1":135,"end1":143,"start2":112,"end2":118,"tokens":9}],"first_similarity":0.3931034482758621,"second_similarity":0.36774193548387096}