{"id1":"Orange Dog","id2":"Green Fox","similarities":{"MAX":1.0,"AVG":0.9863013698630136},"matches":[{"file1":"Orange Dog/pa.java","file2":"Green Fox/pa.java","start1":39,"end1":84,"start2":41,"end2":86,"tokens":80},{"file1":"Orange Dog/pa.java","file2":"Green Fox/pa.java","start1":9,"end1":38,"start2":10,"end2":39,"tokens":54},{"file1":"Orange Dog/pa.java","file2":"Green Fox/pa.java","start1":1,"end1":8,"start2":1,"end2":8,"tokens":10}],"first_similarity":1.0,"second_similarity":0.972972972972973}