{"id1":"Orange Dog","id2":"Beige Dog","similarities":{"MAX":0.2777777777777778,"AVG":0.25},"matches":[{"file1":"Orange Dog/pa.java","file2":"Beige Dog/Sociologia.java","start1":74,"end1":78,"start2":108,"end2":113,"tokens":11},{"file1":"Orange Dog/pa.java","file2":"Beige Dog/Sociologia.java","start1":43,"end1":48,"start2":86,"end2":93,"tokens":10},{"file1":"Orange Dog/pa.java","file2":"Beige Dog/Sociologia.java","start1":64,"end1":69,"start2":137,"end2":144,"tokens":10},{"file1":"Orange Dog/pa.java","file2":"Beige Dog/Sociologia.java","start1":30,"end1":33,"start2":118,"end2":121,"tokens":9}],"first_similarity":0.2777777777777778,"second_similarity":0.22727272727272727}