{"id1":"Orange Dog","id2":"Black Mallard","similarities":{"MAX":0.22727272727272727,"AVG":0.21739130434782608},"matches":[{"file1":"Orange Dog/pa.java","file2":"Black Mallard/Sociologia.java","start1":64,"end1":70,"start2":115,"end2":125,"tokens":11},{"file1":"Orange Dog/pa.java","file2":"Black Mallard/Sociologia.java","start1":43,"end1":48,"start2":130,"end2":139,"tokens":10},{"file1":"Orange Dog/pa.java","file2":"Black Mallard/Sociologia.java","start1":30,"end1":33,"start2":89,"end2":92,"tokens":9}],"first_similarity":0.20833333333333334,"second_similarity":0.22727272727272727}