{"id1":"Orange Dog","id2":"Beige Giraffe","similarities":{"MAX":0.22727272727272727,"AVG":0.21739130434782608},"matches":[{"file1":"Orange Dog/pa.java","file2":"Beige Giraffe/Sociologia.java","start1":64,"end1":70,"start2":113,"end2":123,"tokens":11},{"file1":"Orange Dog/pa.java","file2":"Beige Giraffe/Sociologia.java","start1":43,"end1":48,"start2":128,"end2":137,"tokens":10},{"file1":"Orange Dog/pa.java","file2":"Beige Giraffe/Sociologia.java","start1":30,"end1":33,"start2":87,"end2":90,"tokens":9}],"first_similarity":0.20833333333333334,"second_similarity":0.22727272727272727}