{"id1":"Purple Fish","id2":"Black Mallard","similarities":{"MAX":0.4166666666666667,"AVG":0.41044776119402987},"matches":[{"file1":"Purple Fish/Sociologia.java","file2":"Black Mallard/Sociologia.java","start1":105,"end1":118,"start2":111,"end2":124,"tokens":18},{"file1":"Purple Fish/Sociologia.java","file2":"Black Mallard/Sociologia.java","start1":90,"end1":96,"start2":86,"end2":93,"tokens":15},{"file1":"Purple Fish/Sociologia.java","file2":"Black Mallard/Sociologia.java","start1":57,"end1":67,"start2":129,"end2":139,"tokens":12},{"file1":"Purple Fish/Sociologia.java","file2":"Black Mallard/Sociologia.java","start1":71,"end1":78,"start2":142,"end2":150,"tokens":10}],"first_similarity":0.40441176470588236,"second_similarity":0.4166666666666667}