{"id1":"Purple Fish","id2":"Purple Giraffe","similarities":{"MAX":0.4632352941176471,"AVG":0.4548736462093863},"matches":[{"file1":"Purple Fish/Sociologia.java","file2":"Purple Giraffe/soc.java","start1":104,"end1":118,"start2":109,"end2":124,"tokens":20},{"file1":"Purple Fish/Sociologia.java","file2":"Purple Giraffe/soc.java","start1":57,"end1":67,"start2":155,"end2":165,"tokens":12},{"file1":"Purple Fish/Sociologia.java","file2":"Purple Giraffe/soc.java","start1":90,"end1":94,"start2":92,"end2":97,"tokens":12},{"file1":"Purple Fish/Sociologia.java","file2":"Purple Giraffe/soc.java","start1":71,"end1":78,"start2":169,"end2":177,"tokens":10},{"file1":"Purple Fish/Sociologia.java","file2":"Purple Giraffe/soc.java","start1":85,"end1":88,"start2":80,"end2":84,"tokens":9}],"first_similarity":0.4632352941176471,"second_similarity":0.44680851063829785}