{"id1":"Purple Koala","id2":"Blue Antelope","similarities":{"MAX":0.2482758620689655,"AVG":0.23076923076923078},"matches":[{"file1":"Purple Koala/Sociologia.java","file2":"Blue Antelope/sociologia.java","start1":75,"end1":83,"start2":45,"end2":53,"tokens":16},{"file1":"Purple Koala/Sociologia.java","file2":"Blue Antelope/sociologia.java","start1":1,"end1":12,"start2":1,"end2":11,"tokens":10},{"file1":"Purple Koala/Sociologia.java","file2":"Blue Antelope/sociologia.java","start1":53,"end1":62,"start2":124,"end2":132,"tokens":10}],"first_similarity":0.2482758620689655,"second_similarity":0.2155688622754491}