{"id1":"Purple Fish","id2":"Orange Giraffe","similarities":{"MAX":0.2867647058823529,"AVG":0.2775800711743772},"matches":[{"file1":"Purple Fish/Sociologia.java","file2":"Orange Giraffe/sociologia.java","start1":90,"end1":96,"start2":86,"end2":94,"tokens":15},{"file1":"Purple Fish/Sociologia.java","file2":"Orange Giraffe/sociologia.java","start1":108,"end1":117,"start2":110,"end2":119,"tokens":15},{"file1":"Purple Fish/Sociologia.java","file2":"Orange Giraffe/sociologia.java","start1":59,"end1":67,"start2":125,"end2":130,"tokens":9}],"first_similarity":0.2867647058823529,"second_similarity":0.2689655172413793}