{"id1":"Purple Fish","id2":"Gray Tiger","similarities":{"MAX":0.3969465648854962,"AVG":0.3895131086142322},"matches":[{"file1":"Purple Fish/Sociologia.java","file2":"Gray Tiger/main.java","start1":90,"end1":99,"start2":126,"end2":136,"tokens":17},{"file1":"Purple Fish/Sociologia.java","file2":"Gray Tiger/main.java","start1":109,"end1":118,"start2":149,"end2":160,"tokens":13},{"file1":"Purple Fish/Sociologia.java","file2":"Gray Tiger/main.java","start1":57,"end1":67,"start2":96,"end2":104,"tokens":12},{"file1":"Purple Fish/Sociologia.java","file2":"Gray Tiger/main.java","start1":71,"end1":78,"start2":107,"end2":113,"tokens":10}],"first_similarity":0.38235294117647056,"second_similarity":0.3969465648854962}