{"id1":"Purple Koala","id2":"Green Panther","similarities":{"MAX":0.2482758620689655,"AVG":0.23003194888178913},"matches":[{"file1":"Purple Koala/Sociologia.java","file2":"Green Panther/Sociologia.java","start1":75,"end1":83,"start2":42,"end2":50,"tokens":16},{"file1":"Purple Koala/Sociologia.java","file2":"Green Panther/Sociologia.java","start1":1,"end1":12,"start2":2,"end2":12,"tokens":10},{"file1":"Purple Koala/Sociologia.java","file2":"Green Panther/Sociologia.java","start1":53,"end1":62,"start2":116,"end2":123,"tokens":10}],"first_similarity":0.2482758620689655,"second_similarity":0.21428571428571427}