{"id1":"Purple Fish","id2":"Brown Koala","similarities":{"MAX":0.2867647058823529,"AVG":0.21971830985915494},"matches":[{"file1":"Purple Fish/Sociologia.java","file2":"Brown Koala/Sociologia.java","start1":55,"end1":63,"start2":39,"end2":45,"tokens":11},{"file1":"Purple Fish/Sociologia.java","file2":"Brown Koala/Sociologia.java","start1":91,"end1":94,"start2":115,"end2":118,"tokens":10},{"file1":"Purple Fish/Sociologia.java","file2":"Brown Koala/Sociologia.java","start1":71,"end1":75,"start2":53,"end2":59,"tokens":9},{"file1":"Purple Fish/Sociologia.java","file2":"Brown Koala/Sociologia.java","start1":84,"end1":87,"start2":108,"end2":111,"tokens":9}],"first_similarity":0.2867647058823529,"second_similarity":0.1780821917808219}