{"id1":"Purple Dolphin","id2":"Purple Bird","similarities":{"MAX":0.25,"AVG":0.2125},"matches":[{"file1":"Purple Dolphin/Sociologia.java","file2":"Purple Bird/JavaApplication7.java","start1":16,"end1":24,"start2":103,"end2":110,"tokens":12},{"file1":"Purple Dolphin/Sociologia.java","file2":"Purple Bird/JavaApplication7.java","start1":137,"end1":144,"start2":147,"end2":157,"tokens":12},{"file1":"Purple Dolphin/Sociologia.java","file2":"Purple Bird/JavaApplication7.java","start1":80,"end1":86,"start2":112,"end2":117,"tokens":10}],"first_similarity":0.18478260869565216,"second_similarity":0.25}