{"id1":"Purple Fish","id2":"Cyan Antelope","similarities":{"MAX":0.3161764705882353,"AVG":0.2857142857142857},"matches":[{"file1":"Purple Fish/Sociologia.java","file2":"Cyan Antelope/sociologo.java","start1":87,"end1":92,"start2":97,"end2":105,"tokens":14},{"file1":"Purple Fish/Sociologia.java","file2":"Cyan Antelope/sociologo.java","start1":93,"end1":99,"start2":108,"end2":117,"tokens":11},{"file1":"Purple Fish/Sociologia.java","file2":"Cyan Antelope/sociologo.java","start1":71,"end1":75,"start2":28,"end2":33,"tokens":9},{"file1":"Purple Fish/Sociologia.java","file2":"Cyan Antelope/sociologo.java","start1":111,"end1":117,"start2":80,"end2":88,"tokens":9}],"first_similarity":0.3161764705882353,"second_similarity":0.2606060606060606}