{"id1":"Purple Giraffe","id2":"Blue Koala","similarities":{"MAX":0.7092198581560284,"AVG":0.6756756756756757},"matches":[{"file1":"Purple Giraffe/soc.java","file2":"Blue Koala/main.java","start1":145,"end1":165,"start2":88,"end2":107,"tokens":31},{"file1":"Purple Giraffe/soc.java","file2":"Blue Koala/main.java","start1":125,"end1":143,"start2":131,"end2":147,"tokens":25},{"file1":"Purple Giraffe/soc.java","file2":"Blue Koala/main.java","start1":88,"end1":97,"start2":116,"end2":124,"tokens":17},{"file1":"Purple Giraffe/soc.java","file2":"Blue Koala/main.java","start1":112,"end1":123,"start2":166,"end2":177,"tokens":16},{"file1":"Purple Giraffe/soc.java","file2":"Blue Koala/main.java","start1":169,"end1":176,"start2":110,"end2":115,"tokens":11}],"first_similarity":0.7092198581560284,"second_similarity":0.6451612903225806}