{"id1":"Purple Fish","id2":"Blue Koala","similarities":{"MAX":0.3897058823529412,"AVG":0.3642611683848797},"matches":[{"file1":"Purple Fish/Sociologia.java","file2":"Blue Koala/main.java","start1":108,"end1":118,"start2":166,"end2":177,"tokens":16},{"file1":"Purple Fish/Sociologia.java","file2":"Blue Koala/main.java","start1":90,"end1":96,"start2":120,"end2":126,"tokens":15},{"file1":"Purple Fish/Sociologia.java","file2":"Blue Koala/main.java","start1":57,"end1":67,"start2":98,"end2":107,"tokens":12},{"file1":"Purple Fish/Sociologia.java","file2":"Blue Koala/main.java","start1":71,"end1":78,"start2":110,"end2":116,"tokens":10}],"first_similarity":0.3897058823529412,"second_similarity":0.3419354838709677}