{"id1":"Purple Antelope","id2":"Purple Fish","similarities":{"MAX":0.22794117647058823,"AVG":0.21754385964912282},"matches":[{"file1":"Purple Antelope/pa.java","file2":"Purple Fish/Sociologia.java","start1":76,"end1":80,"start2":83,"end2":87,"tokens":11},{"file1":"Purple Antelope/pa.java","file2":"Purple Fish/Sociologia.java","start1":45,"end1":50,"start2":58,"end2":67,"tokens":10},{"file1":"Purple Antelope/pa.java","file2":"Purple Fish/Sociologia.java","start1":66,"end1":71,"start2":111,"end2":118,"tokens":10}],"first_similarity":0.2080536912751678,"second_similarity":0.22794117647058823}