{"id1":"Red Antelope","id2":"Purple Giraffe","similarities":{"MAX":0.2894736842105263,"AVG":0.25882352941176473},"matches":[{"file1":"Red Antelope/Sociologia.java","file2":"Purple Giraffe/soc.java","start1":70,"end1":76,"start2":117,"end2":124,"tokens":12},{"file1":"Red Antelope/Sociologia.java","file2":"Purple Giraffe/soc.java","start1":21,"end1":25,"start2":92,"end2":97,"tokens":11},{"file1":"Red Antelope/Sociologia.java","file2":"Purple Giraffe/soc.java","start1":52,"end1":56,"start2":79,"end2":84,"tokens":10}],"first_similarity":0.2894736842105263,"second_similarity":0.23404255319148937}