{"id1":"Red Mallard","id2":"Lime Lynx","similarities":{"MAX":0.2556390977443609,"AVG":0.2085889570552147},"matches":[{"file1":"Red Mallard/socio.java","file2":"Lime Lynx/Sociologia.java","start1":1,"end1":13,"start2":2,"end2":14,"tokens":12},{"file1":"Red Mallard/socio.java","file2":"Lime Lynx/Sociologia.java","start1":20,"end1":24,"start2":90,"end2":99,"tokens":12},{"file1":"Red Mallard/socio.java","file2":"Lime Lynx/Sociologia.java","start1":40,"end1":44,"start2":143,"end2":151,"tokens":10}],"first_similarity":0.2556390977443609,"second_similarity":0.17616580310880828}