{"id1":"Red Antelope","id2":"Black Mallard","similarities":{"MAX":0.30701754385964913,"AVG":0.2845528455284553},"matches":[{"file1":"Red Antelope/Sociologia.java","file2":"Black Mallard/Sociologia.java","start1":21,"end1":27,"start2":86,"end2":93,"tokens":14},{"file1":"Red Antelope/Sociologia.java","file2":"Black Mallard/Sociologia.java","start1":70,"end1":75,"start2":115,"end2":124,"tokens":11},{"file1":"Red Antelope/Sociologia.java","file2":"Black Mallard/Sociologia.java","start1":47,"end1":53,"start2":145,"end2":153,"tokens":10}],"first_similarity":0.30701754385964913,"second_similarity":0.26515151515151514}