{"id1":"Red Antelope","id2":"Lime Lynx","similarities":{"MAX":0.35964912280701755,"AVG":0.2671009771986971},"matches":[{"file1":"Red Antelope/Sociologia.java","file2":"Lime Lynx/Sociologia.java","start1":22,"end1":27,"start2":155,"end2":160,"tokens":13},{"file1":"Red Antelope/Sociologia.java","file2":"Lime Lynx/Sociologia.java","start1":52,"end1":56,"start2":143,"end2":151,"tokens":10},{"file1":"Red Antelope/Sociologia.java","file2":"Lime Lynx/Sociologia.java","start1":4,"end1":13,"start2":22,"end2":30,"tokens":9},{"file1":"Red Antelope/Sociologia.java","file2":"Lime Lynx/Sociologia.java","start1":69,"end1":72,"start2":128,"end2":133,"tokens":9}],"first_similarity":0.35964912280701755,"second_similarity":0.21243523316062177}