{"id1":"Red Antelope","id2":"Beige Giraffe","similarities":{"MAX":0.30701754385964913,"AVG":0.2845528455284553},"matches":[{"file1":"Red Antelope/Sociologia.java","file2":"Beige Giraffe/Sociologia.java","start1":21,"end1":27,"start2":84,"end2":91,"tokens":14},{"file1":"Red Antelope/Sociologia.java","file2":"Beige Giraffe/Sociologia.java","start1":70,"end1":75,"start2":113,"end2":122,"tokens":11},{"file1":"Red Antelope/Sociologia.java","file2":"Beige Giraffe/Sociologia.java","start1":47,"end1":53,"start2":143,"end2":151,"tokens":10}],"first_similarity":0.30701754385964913,"second_similarity":0.26515151515151514}