{"id1":"Red Antelope","id2":"Gray Tiger","similarities":{"MAX":0.34210526315789475,"AVG":0.3183673469387755},"matches":[{"file1":"Red Antelope/Sociologia.java","file2":"Gray Tiger/main.java","start1":21,"end1":27,"start2":126,"end2":134,"tokens":16},{"file1":"Red Antelope/Sociologia.java","file2":"Gray Tiger/main.java","start1":47,"end1":54,"start2":110,"end2":119,"tokens":12},{"file1":"Red Antelope/Sociologia.java","file2":"Gray Tiger/main.java","start1":70,"end1":75,"start2":152,"end2":160,"tokens":11}],"first_similarity":0.34210526315789475,"second_similarity":0.29770992366412213}