{"id1":"Red Antelope","id2":"Blue Koala","similarities":{"MAX":0.2982456140350877,"AVG":0.2527881040892193},"matches":[{"file1":"Red Antelope/Sociologia.java","file2":"Blue Koala/main.java","start1":21,"end1":27,"start2":120,"end2":126,"tokens":14},{"file1":"Red Antelope/Sociologia.java","file2":"Blue Koala/main.java","start1":70,"end1":75,"start2":169,"end2":177,"tokens":11},{"file1":"Red Antelope/Sociologia.java","file2":"Blue Koala/main.java","start1":47,"end1":53,"start2":113,"end2":119,"tokens":9}],"first_similarity":0.2982456140350877,"second_similarity":0.21935483870967742}