{"id1":"Red Mallard","id2":"Blue Antelope","similarities":{"MAX":0.23308270676691728,"AVG":0.20666666666666667},"matches":[{"file1":"Red Mallard/socio.java","file2":"Blue Antelope/sociologia.java","start1":1,"end1":12,"start2":1,"end2":12,"tokens":11},{"file1":"Red Mallard/socio.java","file2":"Blue Antelope/sociologia.java","start1":20,"end1":24,"start2":90,"end2":97,"tokens":10},{"file1":"Red Mallard/socio.java","file2":"Blue Antelope/sociologia.java","start1":40,"end1":44,"start2":130,"end2":134,"tokens":10}],"first_similarity":0.23308270676691728,"second_similarity":0.18562874251497005}