{"id1":"Red Mallard","id2":"Angry Dog","similarities":{"MAX":0.23308270676691728,"AVG":0.2059800664451827},"matches":[{"file1":"Red Mallard/socio.java","file2":"Angry Dog/Sociologia.java","start1":1,"end1":12,"start2":4,"end2":15,"tokens":11},{"file1":"Red Mallard/socio.java","file2":"Angry Dog/Sociologia.java","start1":20,"end1":24,"start2":87,"end2":94,"tokens":10},{"file1":"Red Mallard/socio.java","file2":"Angry Dog/Sociologia.java","start1":40,"end1":44,"start2":123,"end2":127,"tokens":10}],"first_similarity":0.23308270676691728,"second_similarity":0.18452380952380953}