{"id1":"Violet Lynx","id2":"Angry Dog","similarities":{"MAX":0.2482758620689655,"AVG":0.23003194888178913},"matches":[{"file1":"Violet Lynx/Sociologia.java","file2":"Angry Dog/Sociologia.java","start1":75,"end1":83,"start2":44,"end2":52,"tokens":16},{"file1":"Violet Lynx/Sociologia.java","file2":"Angry Dog/Sociologia.java","start1":1,"end1":12,"start2":4,"end2":14,"tokens":10},{"file1":"Violet Lynx/Sociologia.java","file2":"Angry Dog/Sociologia.java","start1":53,"end1":62,"start2":118,"end2":125,"tokens":10}],"first_similarity":0.2482758620689655,"second_similarity":0.21428571428571427}