{"id1":"White Dolphin","id2":"Green Giraffe","similarities":{"MAX":0.27692307692307694,"AVG":0.2571428571428571},"matches":[{"file1":"White Dolphin/Sociologia2.java","file2":"Green Giraffe/Sociologia.java","start1":15,"end1":24,"start2":5,"end2":11,"tokens":9},{"file1":"White Dolphin/Sociologia2.java","file2":"Green Giraffe/Sociologia.java","start1":46,"end1":52,"start2":36,"end2":41,"tokens":9},{"file1":"White Dolphin/Sociologia2.java","file2":"Green Giraffe/Sociologia.java","start1":87,"end1":95,"start2":102,"end2":113,"tokens":9},{"file1":"White Dolphin/Sociologia2.java","file2":"Green Giraffe/Sociologia.java","start1":107,"end1":117,"start2":129,"end2":140,"tokens":9}],"first_similarity":0.27692307692307694,"second_similarity":0.24}