{"id1":"White Dolphin","id2":"Brown Fox","similarities":{"MAX":0.27692307692307694,"AVG":0.2571428571428571},"matches":[{"file1":"White Dolphin/Sociologia2.java","file2":"Brown Fox/Sociologia.java","start1":15,"end1":24,"start2":4,"end2":10,"tokens":9},{"file1":"White Dolphin/Sociologia2.java","file2":"Brown Fox/Sociologia.java","start1":46,"end1":52,"start2":35,"end2":40,"tokens":9},{"file1":"White Dolphin/Sociologia2.java","file2":"Brown Fox/Sociologia.java","start1":87,"end1":95,"start2":101,"end2":113,"tokens":9},{"file1":"White Dolphin/Sociologia2.java","file2":"Brown Fox/Sociologia.java","start1":107,"end1":117,"start2":129,"end2":139,"tokens":9}],"first_similarity":0.27692307692307694,"second_similarity":0.24}