{"id1":"Yellow Dog","id2":"Blue Antelope","similarities":{"MAX":0.29333333333333333,"AVG":0.277602523659306},"matches":[{"file1":"Yellow Dog/Sociologia.java","file2":"Blue Antelope/sociologia.java","start1":101,"end1":120,"start2":123,"end2":135,"tokens":19},{"file1":"Yellow Dog/Sociologia.java","file2":"Blue Antelope/sociologia.java","start1":125,"end1":135,"start2":45,"end2":53,"tokens":16},{"file1":"Yellow Dog/Sociologia.java","file2":"Blue Antelope/sociologia.java","start1":4,"end1":12,"start2":4,"end2":12,"tokens":9}],"first_similarity":0.29333333333333333,"second_similarity":0.2634730538922156}