{"id1":"Yellow Dog","id2":"Green Wolf","similarities":{"MAX":0.29333333333333333,"AVG":0.27672955974842767},"matches":[{"file1":"Yellow Dog/Sociologia.java","file2":"Green Wolf/sociologia.java","start1":101,"end1":120,"start2":115,"end2":126,"tokens":19},{"file1":"Yellow Dog/Sociologia.java","file2":"Green Wolf/sociologia.java","start1":125,"end1":135,"start2":42,"end2":50,"tokens":16},{"file1":"Yellow Dog/Sociologia.java","file2":"Green Wolf/sociologia.java","start1":4,"end1":12,"start2":5,"end2":13,"tokens":9}],"first_similarity":0.29333333333333333,"second_similarity":0.2619047619047619}