{"id1":"Yellow Dog","id2":"Purple Dolphin","similarities":{"MAX":0.24,"AVG":0.2155688622754491},"matches":[{"file1":"Yellow Dog/Sociologia.java","file2":"Purple Dolphin/Sociologia.java","start1":104,"end1":120,"start2":136,"end2":146,"tokens":17},{"file1":"Yellow Dog/Sociologia.java","file2":"Purple Dolphin/Sociologia.java","start1":123,"end1":128,"start2":59,"end2":63,"tokens":10},{"file1":"Yellow Dog/Sociologia.java","file2":"Purple Dolphin/Sociologia.java","start1":4,"end1":11,"start2":4,"end2":13,"tokens":9}],"first_similarity":0.24,"second_similarity":0.1956521739130435}