{"id1":"Yellow Wolf","id2":"Brown Eagle","similarities":{"MAX":0.29333333333333333,"AVG":0.27672955974842767},"matches":[{"file1":"Yellow Wolf/Sociologia.java","file2":"Brown Eagle/Sociologia.java","start1":98,"end1":117,"start2":116,"end2":127,"tokens":19},{"file1":"Yellow Wolf/Sociologia.java","file2":"Brown Eagle/Sociologia.java","start1":122,"end1":132,"start2":43,"end2":51,"tokens":16},{"file1":"Yellow Wolf/Sociologia.java","file2":"Brown Eagle/Sociologia.java","start1":4,"end1":12,"start2":6,"end2":14,"tokens":9}],"first_similarity":0.29333333333333333,"second_similarity":0.2619047619047619}