{"id1":"Yellow Dog","id2":"Angry Dog","similarities":{"MAX":0.29333333333333333,"AVG":0.27672955974842767},"matches":[{"file1":"Yellow Dog/Sociologia.java","file2":"Angry Dog/Sociologia.java","start1":101,"end1":120,"start2":117,"end2":128,"tokens":19},{"file1":"Yellow Dog/Sociologia.java","file2":"Angry Dog/Sociologia.java","start1":125,"end1":135,"start2":44,"end2":52,"tokens":16},{"file1":"Yellow Dog/Sociologia.java","file2":"Angry Dog/Sociologia.java","start1":4,"end1":12,"start2":7,"end2":15,"tokens":9}],"first_similarity":0.29333333333333333,"second_similarity":0.2619047619047619}