{"id1":"Yellow Dog","id2":"Lime Lynx","similarities":{"MAX":0.35333333333333333,"AVG":0.30903790087463556},"matches":[{"file1":"Yellow Dog/Sociologia.java","file2":"Lime Lynx/Sociologia.java","start1":101,"end1":120,"start2":133,"end2":153,"tokens":19},{"file1":"Yellow Dog/Sociologia.java","file2":"Lime Lynx/Sociologia.java","start1":125,"end1":132,"start2":155,"end2":160,"tokens":13},{"file1":"Yellow Dog/Sociologia.java","file2":"Lime Lynx/Sociologia.java","start1":4,"end1":13,"start2":5,"end2":14,"tokens":11},{"file1":"Yellow Dog/Sociologia.java","file2":"Lime Lynx/Sociologia.java","start1":19,"end1":27,"start2":24,"end2":32,"tokens":10}],"first_similarity":0.35333333333333333,"second_similarity":0.27461139896373055}