{"id1":"Yellow Wolf","id2":"Violet Lynx","similarities":{"MAX":0.32413793103448274,"AVG":0.31864406779661014},"matches":[{"file1":"Yellow Wolf/Sociologia.java","file2":"Violet Lynx/Sociologia.java","start1":120,"end1":134,"start2":74,"end2":85,"tokens":19},{"file1":"Yellow Wolf/Sociologia.java","file2":"Violet Lynx/Sociologia.java","start1":99,"end1":113,"start2":53,"end2":62,"tokens":10},{"file1":"Yellow Wolf/Sociologia.java","file2":"Violet Lynx/Sociologia.java","start1":18,"end1":26,"start2":3,"end2":12,"tokens":9},{"file1":"Yellow Wolf/Sociologia.java","file2":"Violet Lynx/Sociologia.java","start1":35,"end1":40,"start2":31,"end2":37,"tokens":9}],"first_similarity":0.31333333333333335,"second_similarity":0.32413793103448274}